{"version":31,"hash":{"type":"Buffer","data":"sQZ3VQaTWwp8d/EtT7eOmu4dqrgWdhLhwRoMjIHKj+QOrTtI+dPYOzn8yUTo0eurXSFO6elvENxTjQId3KYhYMzecE/5hwDKKqVtmLXzNaWLHqAcoUdkZVacvQoOsHW7Flrm6mnbHqgnL7fLFqXj0oZeUVRS+vNOIo1g0eCKxTg="},"indexValueMap":{"ChM2SPjRrDKAuOLSR88U0naN41O+hK2fx9s/WrVvgyk=":{"valueMac":{"type":"Buffer","data":"H4M23gjEhfj2IVlvRu3xCzD3xAuoBWtMKNILGBN+wCY="}},"DtI260Y5bOk3W06qX6KuPXB+zCSeynVmX++fXkmhXWs=":{"valueMac":{"type":"Buffer","data":"svjrjG8D0qOnmTmqVTfLqiWhjC0X/O91OchF/6hwZZc="}},"Gjye1oOB3zvgFDIesoeW/3By1f4jf6t26P3JLA0IeFY=":{"valueMac":{"type":"Buffer","data":"zL+f720/djMlCUNs25zb5Mxp4bgmn3Y8voajuekoBJ8="}},"HDp0YQeknHiNYZEPZRVPe+iwdQsrmaWYc9lDLYgSK8I=":{"valueMac":{"type":"Buffer","data":"oUfia9XaUhGhJwEbn6S+sP3I9B4FouQUt81xvul08Y0="}},"Ibtc+piUeckAdbgpYuJsnJB3Or4wlignTH4CAfBvydk=":{"valueMac":{"type":"Buffer","data":"QNc9rn5fHB/tGsBVc9HUlUHUYs6TZp717mktFFy6Vns="}},"Jq8oaLd30AK/pvqqtAUezf0AxU84iL5SxeKVz9DloWU=":{"valueMac":{"type":"Buffer","data":"GF8CAW8TE6ysAEHwkMTAMyUq2qyV/7KeysH7dqlB9KA="}},"Jvx6ZUb+OLOKBLwJt6XumajNgDDHeShbE7tV4SiQbws=":{"valueMac":{"type":"Buffer","data":"i4Jd4FDmkDIukeZAuRo+Ph1y2SOjkpXvCQnqrzOZxx4="}},"LWu8II4veiL/OmtbDqK7rZeFlGYpPHyVLjQJFAtfQZo=":{"valueMac":{"type":"Buffer","data":"nSo8tE1yjJ4rd8s7pXuN0rD/a7XV4tBj7P+VXdtbK5M="}},"LX3RsV4RBREUPUSAh4YdCnxJtY+C8wZUKlEfIntZ9aA=":{"valueMac":{"type":"Buffer","data":"LCc4GV1U2nhRMxpdBm/HpThfZ+M2hDNsTkDsvJe3nus="}},"Lsok+cI/G71LwoIJahG9fwcSGj7pQJ34B7U7B4r13wo=":{"valueMac":{"type":"Buffer","data":"EevXbWtmC/U++QBGPOpTmJVoCpX8OkUoOMpFii0/9Y4="}},"MM67R3FuMj3t7ibpU/kjcjSAyh1jL2/oSCSFAXGbHIk=":{"valueMac":{"type":"Buffer","data":"PdtLfGB5Vpaox7UZY6iRdsqrZrvL9U3Jb8boYlBK4WU="}},"MUoBED+zHn6Sx99HEp4VXB+y49hZqRUqbn0e/y9cLh4=":{"valueMac":{"type":"Buffer","data":"xK1RNEsW7WyhL2mT7uvQMN2U+zljGcKA51Co+ATyYoA="}},"M0MP2thefGlpAHdX7flerBqrQAzSXbYMA26DBs1yseA=":{"valueMac":{"type":"Buffer","data":"G+Qz7+FlYcddHoy2n8GtJ/euqTObqprCPBXdaJTejXg="}},"M/6LtXPfCjPmnE276oLPaNW7LjNWrpTGC9sWVJp1rdw=":{"valueMac":{"type":"Buffer","data":"OG2aT0STvzrwbxNlIifF18jUQ0jGqR4S6tPTxbU7wpI="}},"NTXTJOhZzx3i8IP9CKNvFQB30gXVVXjX/+LFyUFWwYA=":{"valueMac":{"type":"Buffer","data":"c9H5HHS3XSZq/WK/NiHK/IvvajwysP+yTvA0MWCEBd0="}},"NfOGu2tXc0Joro1Bv2VPCcPtlj+6fHyskUehaxHoRRY=":{"valueMac":{"type":"Buffer","data":"EQ33zsS8c2W4lTwBuatOnZHAXGk0B9MNgUXml2LcK9M="}},"N3S2GhmYCqFsn2IFRfsyS+q0EG6FZdv973EoeNB9Fgc=":{"valueMac":{"type":"Buffer","data":"rxrOU03yTkIjPmwYZ9o8YWsEB37e3RKJQ2VRUo57bf8="}},"Ov12IT//casHl8Ek8owoqMZPcpdJtkJoDjG+ekKsoow=":{"valueMac":{"type":"Buffer","data":"eQX0bV6tXPlzNaQJ0lXwZMIhqJSo3lfvYypGo5meV6I="}},"P1gY1Hv4ZB4cCV+yx+LPHO33ziXtpPaJ9AVWSlfJ2Fk=":{"valueMac":{"type":"Buffer","data":"6zfXZk8v9R8L5+mUUKVLPryKJSRNJjOh4NQQk48x5Uk="}},"P+MQ03YapDPtYPRg7uquo1EAgUeIuGu5Sk+f0iTiwvM=":{"valueMac":{"type":"Buffer","data":"cXauFJfuY7aMydfr2+rhk9S80qH3GmN2oAa0FXuZnbc="}},"QTboSValu4jinWX4EX0Oq+abaSA+HYXBMmeDWwU9F14=":{"valueMac":{"type":"Buffer","data":"l/XfBfI2YtWJDnncwSLEK5ccqzgFBlJrCPtwIh0ORB8="}},"RZ/7znXDMJ8FGgo+1/ZTVBpbLL1GQgWybKyaCRyLJZ4=":{"valueMac":{"type":"Buffer","data":"OuxEVF2GC5nkQcoFoq0/sGLMiTCDKsxYGigEJUuqBp0="}},"R6o8dCrnC5jgh30P+Xjj3dz74wHY06MWYpl1mexXf0A=":{"valueMac":{"type":"Buffer","data":"pBKzv+m/0fOxcvZN5xRD1WGSsQ0cSvC/EFBe4cDesQc="}},"S/g3v2D+mYPSZoeRlxX4bmiczoTcHUSC8UPEla+tGZ0=":{"valueMac":{"type":"Buffer","data":"D1Ds6VgfqGb09h/45m6aqmHiVgD9W6UX4vx92qxiu1U="}},"UDA+KiDtP3LQzEJIpC5OW+bC7r4A8HTPXQdCYDPrRtY=":{"valueMac":{"type":"Buffer","data":"LJweHdw/LMbFViJO//OWTkyESfAy3w0hPTcq3AIfSHg="}},"Vo+I8igv5nkzENHiGtuzZ844Tba+7ub6APdIN8Lae+k=":{"valueMac":{"type":"Buffer","data":"l9coIeVRkEF6lGe9RZ6gs2fZZWgfOKMRiwZizw+yVow="}},"WtLLspFWVBsSDmz9VlT2pHZyqdcQpQfnrGxDi5hV9D0=":{"valueMac":{"type":"Buffer","data":"1KsLEUxRUwQ+EWYuA3TmRNKs7Jh5QCP6ZjOau9QANWE="}},"XFakfWK5cO8yfCCTgrpUuhKxZBhxri64MGL7XmfesKM=":{"valueMac":{"type":"Buffer","data":"sRHVDwiTId1hyvuCHC9q+lL1Gbh64UmTfYEBz61Wxdw="}},"XUjkPp/RWSEa5Ki2jOzGi31gBXtiMjMqLqjfxabChRc=":{"valueMac":{"type":"Buffer","data":"Aluq/4bR9u9hhMZ55dVtnQx2oNhFSZPbyvQtSnrg/qc="}},"X0d6HujaHzwVU0w7h1QtjH+mUdnq3uzd+nxM77eDTXE=":{"valueMac":{"type":"Buffer","data":"wY6uqP4T9Ck7LzTGkeHdAL4n0+iCGa9GLITm051kBq8="}},"a0rJSSiJF+bMYGeevQ9G9sCo1hGWAcLfjRxWGA0b1ng=":{"valueMac":{"type":"Buffer","data":"91vZaGqHkTm1atF0yE5lDkUMmcNxT6q/gle7lMrhKAQ="}},"bmAAfWaEifKZL02c3XWq37HCWsh8twY7H2RKgXJTxrc=":{"valueMac":{"type":"Buffer","data":"SAbFt7GOe8LG3pN4Wh/29uHEdAwcsxESmfTToX7CdvU="}},"b0Wrco1Op9chjaL6asRDG8v2iCWY3tNUiEYMSGPGQwU=":{"valueMac":{"type":"Buffer","data":"W6hkrkIU9UIniyxk6U2MhE4BvxFeLVVs+IoIIt1snVM="}},"cgdyzPH06iXQ5V+DsneKWzxnWmMy4CeI4dODWnjpqHw=":{"valueMac":{"type":"Buffer","data":"uv4tfbY7ZUgKMNOauJ7FjR9MwUgZ8zO0KOlFh6UU5m8="}},"di6vKKw/qaBggFMPTIu4WMDQqGu2Dg2PcDdpp9k3iEI=":{"valueMac":{"type":"Buffer","data":"3smA89qShwQzhe7rOHOIsEh1P69Duf5tO0h6VwEQXOI="}},"d60VgkolbeBZkOqbTgq2JPPosqDYHjwfTPKaM2ei03k=":{"valueMac":{"type":"Buffer","data":"Ot/OOpAISLlbzFfvgYoDRQv3j7rNZ2xawjclqAJQXkw="}},"fRRWDq6+b5mFZIJ2xfnquUHmm9h5h7ugeJGt3zZADnU=":{"valueMac":{"type":"Buffer","data":"P4p1zbh6wescG97A7q6NFTIeuvZxDtvULXo37Srv3Rs="}},"hIFrEcuas7yi68R4zbJv9Irgafz8pJq1D4fhh6nuuY0=":{"valueMac":{"type":"Buffer","data":"Rngs4HzEUvAryESp4fUQaEiFEDkMuMERugRNKhJmpbw="}},"iJ3upRKQxC/abixGwSRwHyxEqAHIwCiEvXuUitFYI38=":{"valueMac":{"type":"Buffer","data":"5QWTkvTXAjGgfF3HDLF1rTCCnAjNN48C/NHumbJWeHU="}},"je0aPEBpgndR9yO2MrN1kfWeerrPP9UGGnvSGC6tWag=":{"valueMac":{"type":"Buffer","data":"uFo1OMBPPuRQqbJV4wu3QuyfFyifAuB++MZCogaAsso="}},"kXtl2kJAuLU6CykUP+H5dF4aQWgOMv8vldLC0If/mGc=":{"valueMac":{"type":"Buffer","data":"UqyA2IacgoGguiCc7DymRrr4EAInSMFjoNIeA9k2C+k="}},"lIpzqSRNEr4OQ/FIjbpisiUlt5Itz/i1LU9U6anzfjg=":{"valueMac":{"type":"Buffer","data":"42o9chiNrbN3xBEP2xE3d7Cib+92/1Zf1V5UqqmfcHA="}},"mpTCCluGfpoVbH2Zai0c+8RGq7jGv9dOscxiFf2uvMo=":{"valueMac":{"type":"Buffer","data":"QWNmI1CX7eoBhFiZSY7+IWXkf12RfRvYu9JvtgNBQEk="}},"mt8xe1/IbAtZGFhloDLHqrJ952q2pnlIY9ddFRCCcag=":{"valueMac":{"type":"Buffer","data":"SM0Dc9VqPWEPB0xd2bqqjHKAXuLvzjkSjfgIMn2TaJc="}},"pv6lpN8yftYtVxeMZYWMgEfyt2/qwKNAo9afdJyFRAA=":{"valueMac":{"type":"Buffer","data":"SXYLP6e81AXbWiDN1y5A7YnR75J1pvtpsT6knnfMARY="}},"pwDlRmVoMyMn3ro5nGQC8Z5J5Z42FJ29XhQnbFjLeU0=":{"valueMac":{"type":"Buffer","data":"GcO4idhCE5Af3vs4kgJeOeN2X5xIX33lkrsXnMbDJcA="}},"qhhkK8Fsh+IKFJqylcNAhofMjob7Mh6LyGyZdJ5JI0w=":{"valueMac":{"type":"Buffer","data":"GZPLf3J6PZumvdMhYAvHptUnaYzUwIBvEDd5HMkPYzU="}},"sTEWDZay0gRRkQVMvAo2Ggxcoc3I/waydS5+fQuxfm8=":{"valueMac":{"type":"Buffer","data":"h/t0CNB8HP3mA3NWqshoN03VFn2RjkTJc7g3IE1IE6U="}},"s0SgcGzQpA1i7jcN3MZBPKU46hkweEyXCklRb1/R00E=":{"valueMac":{"type":"Buffer","data":"WWFn/3s7c+FcRy1uIVOcwPaSzB+rc1s4WPRTxweF0+Y="}},"vqZGzTNYgBkHVdRRYt0H3bucCsnV7cdx72lBUgM9XlI=":{"valueMac":{"type":"Buffer","data":"vwXxTBWYOoH+XxGFCO25f1aBREYagMY7SOmy49M9dqk="}},"zMjt3Y7KvlomwERIig9KiEAnCdQgjDaf1Nyu/tJEL4g=":{"valueMac":{"type":"Buffer","data":"RTgMFfVLP7Q1VhYznFimlI+EQ0JysTxeUypIsQk2xKI="}},"z27UZ7IjDUOS1bjRlH1T1Xa9zBKARFx4gvTdaOfe3sc=":{"valueMac":{"type":"Buffer","data":"8b5QLxiGkc2ZGWTqa2sdar1EVMYZNJdycEKnr9dSpYA="}},"3ZsLOh0TzKDlLT3cSMhb3IEzACqL8fhVrZcXURyow7w=":{"valueMac":{"type":"Buffer","data":"emtunKlNeOFvwbN8CnQX87iI3NmsBYdDfJ0madEdjd8="}},"4BPCNoHX1m2yxQW+Oi2C9TULLRp64/RgkJv6IBDjOes=":{"valueMac":{"type":"Buffer","data":"DTk5ckb/nh6AXAEKOFU5bdUD2KznhCaGmQQzaLQsIPE="}},"4gbwLZHQJm3cu47umRrv3a1GewMSWohDNdCjLpvQWHQ=":{"valueMac":{"type":"Buffer","data":"eOWJ6IOgtbDjJ3j9YdNX9NtXOHiFmKpEJ/bsNP2H+0Q="}},"44BrbtqUTV2kL4GhIILPt5+NC9x2wEcTTSF6ztG0LJw=":{"valueMac":{"type":"Buffer","data":"jPZKxchd2vtpSlHjIJptyA5pxYh5Ad3MsXjGuta058w="}},"6ZvD04IoWWDCGMlCdVJyhyGGtQ+rmh+Xm59eq3v6BkY=":{"valueMac":{"type":"Buffer","data":"NZFppesILXPUIWidty64JRqsglarZoapCl2GBMO+cMY="}},"6vG5QI6b/oZ4AmSgdYuOEonKscdG7KW09Lb3EbduqCs=":{"valueMac":{"type":"Buffer","data":"L7ujR/ANCmOBTdOZ5pr1PUueIvDZ48C3xUE2f43hXeI="}},"7JBVtg69YzihLg25XvjYLrTKUELXMDrXa30/c72/mCs=":{"valueMac":{"type":"Buffer","data":"Fy95fOmzszHWbIG3iwrqgIpzkcmnDHCYI/dkFSJRyGs="}},"7hyU76dvxxXtfQGGNhvs+90nypnQOUBXTgjrlBCUhMg=":{"valueMac":{"type":"Buffer","data":"+CZG7nQ75zLVNUWkWRGdLPZLAEZcFaf6E5zREcjFuCo="}},"7u59/QgN3xP1+puOeUYEQGj31L+egdmV2BonHRjosyY=":{"valueMac":{"type":"Buffer","data":"YTm0pFIyN8Nh/UFv/SsRer3pJ2qyoXGfYAwqouzQruc="}},"7945jZNfH0zivkNXZlQfcpdRTpqiIlxPf0/7IP2ZWJM=":{"valueMac":{"type":"Buffer","data":"JY/Uy858jmSP5QM4byHbsjho8OL+ek4tHFvM8LA5bmE="}},"8G0Hll/v8kGX5gwHoAHva6U1sYoUg8l6t1gS0xblRp4=":{"valueMac":{"type":"Buffer","data":"E8yBz5ey6fjPeOS2MnT9L9BWlmrsOLcuXa1YpvhIAzg="}},"8sKytqeqDjUTD+GjQyrpRsOwtvMxM2SNp7poK77LYcc=":{"valueMac":{"type":"Buffer","data":"9HIbJ4aOOrba/ApkqS91CJCcLsB8wI8ktjmxitZi76Q="}},"9IunOy60ztMiLQmYwRdPZ1P7zLLj6KMz2ZRUhF2aDiQ=":{"valueMac":{"type":"Buffer","data":"4avfofufYSyEPSLwijtO3Lj9O2iWSdlK976yeoJzQFc="}},"/wMouezc4N9VfpgATsVQXZmuaYdEfkd5QoemN5dcegU=":{"valueMac":{"type":"Buffer","data":"X2u+QDgXwffuQDVblBKT9RT3IX+iXWKuNoLCJqv0USE="}},"/8JHbvaGjC/vXcJF30M2bNinoM9zG7Rqd6XfhWzxzl4=":{"valueMac":{"type":"Buffer","data":"8eZMh1y6BEwbX1LterjYQ55luxhM33I2xODwzp4trTM="}},"yYwqXVZvU5REbe2/Ol0EPhPKmsRtUZ7Cke37qT9bTZ4=":{"valueMac":{"type":"Buffer","data":"4HJ14bUCFyOYCgSxgrcI0IM+WpxgCySmKveFb6Ame/0="}}}}