{"version":31,"hash":{"type":"Buffer","data":"ekGmiSNYyuY1cxC70hru+Tamxtkqf27rA+VdSLZl3z7kh1NIBwX5yMU1jDJaZ9xaYMAmNFBvxGexzh/INTHUUct7JwstNgpiJGOe8vhS5Iksj3tKbQbz8Djl+mEXRDYqOE5FBUSVxvu36Rq/DfOMa9LKI4nuA8tDxdu1uTMJDnA="},"indexValueMap":{"AJjcWp0g6iVQ2HPKbcQeYpJeHG7bs8LMB2EfYsxMvR8=":{"valueMac":{"type":"Buffer","data":"TOXUI1UOFEm5Qh2d4MKgpLCtnymAQv4O7mlpgULGvEk="}},"A48lQsXueYdTiLmdbcc2eK1P/1kJUYMFGxDuSIemmy4=":{"valueMac":{"type":"Buffer","data":"KizBcZR49Eg+UmVwAse2IGonGJ27PRuT+ExrGrihmxw="}},"BFuOkUcs3mGTpm4kO0xL2ORZRZW8EG5EriSAZgSiWR4=":{"valueMac":{"type":"Buffer","data":"uInlyOL2Wo5m+zHEBNyWjNW9M1niiz9AuNz8I2zTOQk="}},"BnogXB9ZZfanheYuaW+w2xQWCBLDvA9mEl+MGeDi3ck=":{"valueMac":{"type":"Buffer","data":"xiKoBl3jphmJodINUflqIGqpJCU9ylANRDH9w1JaRfg="}},"BwM7/9sNGRSQCF2vAUfa/j3jNbv2FIL+ECA6O0QDDwU=":{"valueMac":{"type":"Buffer","data":"ivWr4yVR1nK4T5t/jreBZe+/0U0fYgTsd1uGsUdnVgs="}},"B9x08WAuUo+zC27+JVdDyjFEnuCm9cLpFnWDlOqtiwA=":{"valueMac":{"type":"Buffer","data":"l6gfdYMTn8Dv2sbFsiWjAg2LysmDFFqycfJ0AqSrrv4="}},"CG3DxMSPoUGaC8jhwooTLxkSdTwk+l0uVIe+diENBTc=":{"valueMac":{"type":"Buffer","data":"XQBdonB9xZZvDL8W8dYS6uUBEGRmAtjpMUP8vxEl9cU="}},"CeX12JMH8f+mlH45TZhI5juOkhqd0qFNwhg4HPgHpSM=":{"valueMac":{"type":"Buffer","data":"a/YMDPCeGEdsFdyAJfje8jjGZGv4LDzTPUxHoYEjPBE="}},"Cy4xEhaylXzdKu59rUBXT/K1N1aBg+zwHgdJS/l3I6o=":{"valueMac":{"type":"Buffer","data":"8lw73GNpWTg3k9g0OIExg1NZIP82H+f6NCMB7oF1fpg="}},"C5O6JXFl22vl2hw48j2vLw1bbKnBSnINLEd6YbRiQgY=":{"valueMac":{"type":"Buffer","data":"l7UaxHX6zWinbj7nEKvIRtSZqhnHreLy+uqumr4j2AA="}},"DC1ayff5VYMYK9iJoHCM19n0iWLH6QS9tGAqgSP5K9o=":{"valueMac":{"type":"Buffer","data":"QxldsgjdHrm/hpicAsnPG3LqWgR9zcfluwevlSP5aEk="}},"DG+mkRCwYtgVMQxNOIl+2u1i3Kp+/Ki97XUwTmF9eb0=":{"valueMac":{"type":"Buffer","data":"R1In2djCgSHI4mOU39ukJPlKBTp523M/k/T1u5CYylU="}},"DHpDDbvKjJEqQX0+GsWbB1I6SoHJ1TFpDk06bMk68N4=":{"valueMac":{"type":"Buffer","data":"voQxd42jLt4EO2Jjnrh3F/Qo8IWYBuQ8diMhwipfP7U="}},"DS5bKwhMovfX9rB+L9IdxAiTpEkucxrdxzcPs50hzYk=":{"valueMac":{"type":"Buffer","data":"apZOvwTeJioNgdBcKQN03HG445Xmfurr9biyLbWyy9A="}},"DmbVvLr0rgJSI+hhpM+IGdeHYpSkCZq1JnblKNVGpsU=":{"valueMac":{"type":"Buffer","data":"oj6pDdvtLASgEX/N3TBA3oN1rvgnz9A3Dnn/Qepoffg="}},"DvJpRcovA+Ww+TfDrUWokKVYvg2hHv5Okoz8n9SBRLI=":{"valueMac":{"type":"Buffer","data":"M8H5kXv7Rzs+g/4p4uM6Q+CTbgo2B7REu2kxArDM5+8="}},"EALCjSWl+i/aQCd6gMfwKEcojAMqmrFKIA6OeoJyHZ0=":{"valueMac":{"type":"Buffer","data":"UUkvKcZVFHpwDpRojjcOKFz+s3tsqKdcY1y7bciY2qw="}},"EJRs/kz9x2GpEVeNhN5AIlCG4I08N/E/AppnkFZUVco=":{"valueMac":{"type":"Buffer","data":"La7PawzHQlsraAX/+C4iOM9CS/dPsblV6axcBby0TRI="}},"EXg4w4QKufq25gVEXIsXsFk1bJUeavBviXnsSKAHfdU=":{"valueMac":{"type":"Buffer","data":"g44CCCu2g5ilrbGAGRuViiBX2fX3iPmePIHXAG1iMjU="}},"EX5KQUAlbGHUTKnUyod1v9WSyo6rwVXyBjh16iQ1SBY=":{"valueMac":{"type":"Buffer","data":"eNupkzGT6fQIsNlTwlGgXdVqOIVOzNZYNDt3uOkcwuo="}},"EniCKrMz2p4ZcSGvLnNXJQoumGSxg4GmIJaSG5bIp7k=":{"valueMac":{"type":"Buffer","data":"NMlHAUX31xS/jdsYaKYmgPUqf1MzaM5F52sphuHni78="}},"EnqUb+/24GwjvwDJUnJMdOmeTjuNhQOrCmDZ6KjzQ/s=":{"valueMac":{"type":"Buffer","data":"kh9XKYr2BhIWTozVVYK1J8h2xsxR/pzAuSxfCoX4PjE="}},"FGDNhkTUlODItwcqiDshaaDtcCcAB6LS+6vpDqYOLr8=":{"valueMac":{"type":"Buffer","data":"sxb2wBbH2Bco9fVm/O6R/XPoJtXLwbWq/ijRbtOS8AQ="}},"FLH0DRM3Ck7vIIm4PnvK1B+majCBa/kJo7FLkECALHg=":{"valueMac":{"type":"Buffer","data":"muWI5XfzDLyadlLS9+pVNec5wNJ4fUTgwAd4tYf4Olc="}},"FV4rffXMr4XLGXpN4ZHmkX5FGRq0u1hIRx7s/5NzODE=":{"valueMac":{"type":"Buffer","data":"5AzDk8vbvZ9l2w/4wSVmGhVB10PVT2Q6BfhS2MldotY="}},"FgChckwsMQ+BiFyVLN/tUmWQbi2GnDl83IPaFhJ/qCU=":{"valueMac":{"type":"Buffer","data":"3M2XEm0MFWfRjCBjoIUuiYisepWG9LUhK8zHWBOVTMQ="}},"FieBGN05Imajuc+HmYnCZWy/CB3rbnkzkVlBzY6ASD0=":{"valueMac":{"type":"Buffer","data":"ViRVtwrysQDtHIF+AljavTpLQDKL4rHL4+jk+TadsS8="}},"GIKKwt2qOFeN+m5AvkY2LafxzPf9V1CTw3U6a6kRAN4=":{"valueMac":{"type":"Buffer","data":"oXrh6D7Cimq2tFSm3FiDsMWP3tizmx7XJy1HfyXzw3A="}},"GKV0K5xnfYDrWK5bqFEy4M2ZykXXQ0gDxdys3Nbovsg=":{"valueMac":{"type":"Buffer","data":"CRqG/E4rCzrXC9bY7UH7GDC0Fmc/vFMrNHdvwQWgTUs="}},"GlUV5gB2PEerzNb+hVzZK++8TepEq2yiZ+1vTscyh9k=":{"valueMac":{"type":"Buffer","data":"8vxwtYqXuiSFCrbuj71C9RVjA9nNyL4KwThUBSmahEk="}},"GmT8CmHetvrYD1F0GuuEoEm/iTQ9d4Dop/9pHEK1fCU=":{"valueMac":{"type":"Buffer","data":"ppqUEomDUBvc0HGC85B7ZacRmbzxTDZY2BFELoU6Ib8="}},"HZcCWQ07sCCTfRdjBtneal/aSRxnEh4eD9v+0uluiDM=":{"valueMac":{"type":"Buffer","data":"Inl4XsB2tbotuSnZNJaX6tIZ728che0KCqcFQ2JYIb0="}},"HvKn0sgLyzTsQdGXYZ3oUbsuvyJgoGRWJPznMOeKKmM=":{"valueMac":{"type":"Buffer","data":"iPkIcKtP/JxQIwNRZYzk0s+yOZMgLifHEJGzU/O5jmI="}},"H7p8PTVvucXZiHYsHDazuq+12AfUft9WIyVfwnDC+bk=":{"valueMac":{"type":"Buffer","data":"CJ6Eb/Z/S7A7quQOxvbNUUMR+b/Ek7dRcAHRM9aY990="}},"IU3mnCU3mx0hls6RZxmQ4phDbSCjqer24M6i3td1N3I=":{"valueMac":{"type":"Buffer","data":"xJCPA7Z9jBO4XD9OoBor/IQ6IG+ZM0re/qMX+dPOyVQ="}},"JFi39KoO5U0kRDIxNjHMY5ZO9WjHc0cROxu1Mdhlkhg=":{"valueMac":{"type":"Buffer","data":"wxP/fd09eXGaffuNBG8RZQKQ4ElyOlMoBSG3ZZ1LEt8="}},"JHtaStQIx5PwpixpCs1QS1VMvQ7A+HT1IfXGoxiWwOc=":{"valueMac":{"type":"Buffer","data":"quZot8uFJ9wlMw5NFOH1rO2tZlW7tnQ3Wp2gXomxtOE="}},"JJLz9kUh6O1eFhin/irb4cT7IjmFBQvtuTXSlRRY5VA=":{"valueMac":{"type":"Buffer","data":"3B5dG1VrZoJ4z1Q7T6/hZg/sBjY7YZzb6R+lZtXUsng="}},"J5xJv8tIrAqubmixtbM5GoXoIcCx+5a8ro7JAu0T9Rs=":{"valueMac":{"type":"Buffer","data":"ocSU/k71a1qwu/vqVJFeg52tbHFodaYvbCDmUo45yp0="}},"KGvosfEksQh442PbL3wYojn8UrxhF4/IiOPgesbqdaU=":{"valueMac":{"type":"Buffer","data":"CSU7nngEqRPN7Yvw5sk8HWKcY6lv/3fngc6EpP8bi/M="}},"KVoJ9iwHoWT4gDHxZTZda6Ze1I3z5vQkGgwHBpZWU3M=":{"valueMac":{"type":"Buffer","data":"weCCJRDU1jFBqBpi2Q1fHMVIcGlcZHF35UjNoSG/zkM="}},"KhkZkJNTWF2+DmUfL2fImERz0HI1CfiChcOCyIXAv4o=":{"valueMac":{"type":"Buffer","data":"uSpT8sds6ersTSxnek73LNbSn8qZfi0LdXvuW7+3uAs="}},"KpsuE6arbiLdNMUG9UZHnhZ0SE83rUY0dzuRn3XfGi4=":{"valueMac":{"type":"Buffer","data":"v41Wpf7oJ0F/Zh4RIG52wuvNL4YMCKBccMc9aeVh0KY="}},"KvN1a26lMEdK/gJOG2poQXZymeZ1+KBc4vDQsIGvCwE=":{"valueMac":{"type":"Buffer","data":"x0ATU5dR08nzaxAkf/Mq+puuuCf5UH8bVbRmFWx7aAM="}},"LA/cojWg55qrWVo/QKaABN3M9ApEelx/2U59a/lXS7g=":{"valueMac":{"type":"Buffer","data":"dGevPoIAooxMdZYQmBZj1jyoH1fMvCMVwmAQ6G1MEZE="}},"LLIH9YC9s7WHJ8iO7vv4klwaoTQpb1aoSKMuO+vDsaM=":{"valueMac":{"type":"Buffer","data":"4JyUP76Iw0jJ/PYcEkEJnxG+KuO2OGUC03F+Vi3wxGg="}},"MTOHu+FwvPg5WdScO/cKnn8WwRZgW6IKvbu2aNrrza0=":{"valueMac":{"type":"Buffer","data":"71uHRlf+0BzwrCXl9XJDQ+yunhGRVyAzxsyyGJfC5Os="}},"Mspnwg0h6x37wJdW67KhAKOyQSIiFxaqDpRGSEsuXz4=":{"valueMac":{"type":"Buffer","data":"VOZ7hBSQl0uZ1bFgSXUAeF5seJLcKFCeAdBWWhTJAbs="}},"NdWXi+37dWe+K0M/kRvwm2s9ioGlpPMFkBh3GR508pw=":{"valueMac":{"type":"Buffer","data":"nXteQx4HGK6YDamiDENUE9P89/9MhUjSJxYeQ5zCkWw="}},"NvKcSe06oQbA1a7NRMo4PsSOoOIMZrI05NnzR+8DWaI=":{"valueMac":{"type":"Buffer","data":"15S7zAlD6Ybb22Z31SlKHC6nBR0MIzQg8VRG9Nb9apI="}},"N949KjfAiKBd4sd047Bh4MrUY2/jPNcBtexyuiFCTQA=":{"valueMac":{"type":"Buffer","data":"f4vaR6UGxIx0gcYKbJKc8cMSZz42f6CdQbBLjpCwcPY="}},"OAnYCT/sJzKe1zyfRir5ZEs5AYYWCx2nQF4p12d57WE=":{"valueMac":{"type":"Buffer","data":"sQ4XlzuWAIT7NnXCi2+RbpnBjPCRxsuNeAkb/uV49ZY="}},"OKuPGGb7cyb5YGVkp9fppsmXdHttgY2endbJWh9jcNs=":{"valueMac":{"type":"Buffer","data":"sZnDSYSgI57zmBITb46bIRqCyBfvKBKC7bzI1cz/jYk="}},"OOHxNmqz4/4892eT6YwWS0lq8wb+0fz0YPPxJr5JTSw=":{"valueMac":{"type":"Buffer","data":"gw9+mAm8twG8fea3NlE826gWUCpYLaay5BbCL6t9bgQ="}},"OVSDOmcv8SZW4Bd1N3J+wMFuMA/FiN3YTkjl4KFfNfg=":{"valueMac":{"type":"Buffer","data":"QNOzDnTmCZ3T1R7dp9M2jMITxz9ZUBlDJDMSgxJ1Uow="}},"OmETTKj9Zb+GtXauPbszVfEIuFAT7jFg/n/sfkQMF8I=":{"valueMac":{"type":"Buffer","data":"2ozEpbDAkyEicvuRUKvAyGfYAUqaybYt7z2QNaLJDjw="}},"PRcqAtdSolRwev3PsR6XYSrAhwcSWwxMtO7/unZjDgI=":{"valueMac":{"type":"Buffer","data":"B2fzthA98Egh20csr2vQT0l8tL1VW4hdZxjSjUogVWA="}},"P7mGfW2HHXjpRP7LuSX/cpzOMMWZXfbkSFW03YJPwAQ=":{"valueMac":{"type":"Buffer","data":"EF745jRPIffSDUfnlgUBk52B+te5hSv3ZkAdscENT5I="}},"QOSBEmJdGAMf4fEa/YvKZJ1A0/dyAYT+MBjM/EZb+00=":{"valueMac":{"type":"Buffer","data":"VS84tb2J6CcvYkHyJZEgemINh5QPzqNccOa4jdBeT+A="}},"RE2kUaRNGmeJfKTHQaoUH7Qp86DjvFqjmOZcshKPvrw=":{"valueMac":{"type":"Buffer","data":"L5J4wjDu1uRDLj/4VQe3Lw2wqXhll9waUvEdpg0Do/Y="}},"R6nxq8Dotm+H4l0+LyGvC7Ean4aZn52esteaYNuKkSE=":{"valueMac":{"type":"Buffer","data":"8Xk6YmCOfEepBvSPLLOJw0L/lHBdLdvExH0lFl4RMYA="}},"SLd4SedZzJM++//ZS0jz2Of+YEoLpc6JIc49tCrcYpI=":{"valueMac":{"type":"Buffer","data":"apyRF/T7xa1OY/hKCFlDAHYUWDkeiHdYIb+2u8DlzxI="}},"SOq4sd+tvbvjeyufsuMcwvy6V23ELkc1/7kRKP4y3EM=":{"valueMac":{"type":"Buffer","data":"POhkvWf6iSHD4cteR3B6ExSIjpiXS9/Z22GRofe536g="}},"TXil3Qx/E1gp5Uk4yZ+Dk682BuT1d/tPeSs4apHs/rA=":{"valueMac":{"type":"Buffer","data":"cJ0eVjtVdnC0S0vaKSODL868dSaX982DzAjXjJb6Jqs="}},"TgXKFvft1gwoWk8+OI3lTneCmWram5GBvRkQ+uvWfq4=":{"valueMac":{"type":"Buffer","data":"rtFnEkTxYNPHjDuhAWQlHAG9WgTdWsd5+djGzJRB1fU="}},"UEq8Q3EMjBibm0HRlfB+kgVPe5KvxdqZVhaEt3nyPGg=":{"valueMac":{"type":"Buffer","data":"bkHhfDzXEm3xrgKLiJl52upujbK72Xgbx6yYZQKG26A="}},"UKezB4Q5DQ/YACRff4guVUrWdGVTyhYNwHt4KZ5CUUU=":{"valueMac":{"type":"Buffer","data":"dJhQfwMofLvHPXTIepqZjo4DLyAf1ShfTRRoxO++ynY="}},"UNkf17eBP7j03OnCvs/tzkkyxUqLSKQTpfXN5I6LIY8=":{"valueMac":{"type":"Buffer","data":"nkPji9kWBHsSt3Mo56IE4IkE4eZnVHw6Ah+QOsVXY80="}},"URCNqP3rFZk+7Qgq6UI04P8/1IiZT0eXOrUnHV7gLAs=":{"valueMac":{"type":"Buffer","data":"l/sFsjDw9hk7Uc63pwz5kuT7GCJdqeRzze05DSTGI0I="}},"UYD+OupdMEjrYH9XT8hlm2S23ujwqAci4s8QC7S4JRk=":{"valueMac":{"type":"Buffer","data":"5OsjfcoIolcGBrqfXra7At/thm27QWy3cOI3A5NQuII="}},"VkwW9EfVQV7neYFThY4nVeywmQaH8NvYj+1IzFwUJzI=":{"valueMac":{"type":"Buffer","data":"KDmvuK/5+Qp+si9cA3fO9K8lThjTjGRm4sUvTsPsvqw="}},"VzCYUN2Hvf0rdv1S68s23JwjX5ZKpLt7YgqaLaWpKUE=":{"valueMac":{"type":"Buffer","data":"CmKBSEATf2yG77oMW67oA/O2rm3fucBhsmYugsUYj5U="}},"WDS+BSnCaYQH21QiiW3NMYzB0eEW8ODrI+q2HizDRIM=":{"valueMac":{"type":"Buffer","data":"jlg9vy/YKCXd7Htdf3x9mn7u/EAeW4kAsF6GRon+rIY="}},"WWFWbFJPBOGIHZNNuDVqMDI3MJGNQ59O9RxJ2quskxY=":{"valueMac":{"type":"Buffer","data":"BhzwLPginl/a1o2NMr+1MU85pOnvGVPbfQmYEa0pXjw="}},"Wj+PRaHhxYaq4GToIJG/rRLBpTrnjr7YaB1/vJEfFDQ=":{"valueMac":{"type":"Buffer","data":"LzxpyXyCTiuLmupAPF8SwiJO0SD/OBoYpadf2B2/Apo="}},"WndPl64VccexQHhbp1mCb8XgLplETVvrSe5XHKB/19Q=":{"valueMac":{"type":"Buffer","data":"wj5OLybvTwBu4cMU5ynNL/+L40+sPBSSJSRSVgEOuCE="}},"XA3Ahgv0W576ZUMkyDRo8gEeIbISfPDLjal/RO0FiCY=":{"valueMac":{"type":"Buffer","data":"SuYztLG2fSRXczes2dHoRaifARnIwj89ydTdJz05G4Q="}},"XBduT6Q6EMskYWUOOnm8bu6GBRpXtWFwZuxYmlsEIeA=":{"valueMac":{"type":"Buffer","data":"L1MyOArVYFZdct3Qhbisuf853VSkUB2R3437FDKF9DY="}},"XhdYBdwRizCBI9Avwmn/1PY08LDyKU3T5VO0kqnJjsA=":{"valueMac":{"type":"Buffer","data":"VHvy/yAcOT9BFlZFGEuHNlS4uu2ycoEHFbtEh56LjuY="}},"X0In4SbiTJbS/+7cCysJH8E+Gtys+0lfLCY3xt3/g4E=":{"valueMac":{"type":"Buffer","data":"PQjZmlev9bU+UFa5wlbFlG3CaFJ5YEvWpZej6KJts6c="}},"X7WTj1S2cXmUTotUCnF4QKoMfF5/WRsVIN4fLT0rvU8=":{"valueMac":{"type":"Buffer","data":"K579rq+YzM6PhF1bLRbrTahozYAocckYLnVEEZ/hV9E="}},"YRAi1vstM4jKaCaYKpWDBsMEs5k0Rt9j72Q7mygkUhM=":{"valueMac":{"type":"Buffer","data":"PgVPvROwx3DxOmELed7qxq7Hkotpp6n9EKNuSPsYgjQ="}},"YU9dFf6ih8sbrtnQnSsR23OG4Bm+GXRqEsidnodnqlQ=":{"valueMac":{"type":"Buffer","data":"aJldq9EaBw8vRASMJ/YxwL5d+cmHsU5EhkgfLmzTaxU="}},"YkaP5TlUHyNJDDWFm9i/Eq+e79+ELhsWt362Ju8HhMI=":{"valueMac":{"type":"Buffer","data":"cCyPvTnYuhAqB6qKz2Zcm566cTDBWvG/XTXg+179GXs="}},"YpT2batmsTIqKAFul5oTjGCzeYlMNO0VaYLRZnqtr7U=":{"valueMac":{"type":"Buffer","data":"iMgqabK/TiER0At5hBYZBOy/iAvyLozHt8ZA+zEwBhY="}},"Yr0Z/8LEWpPQhnHtaYiXNaRKasrwu6Ua3DrgYjjmTio=":{"valueMac":{"type":"Buffer","data":"FvJXZl6/tnytqXPxmjDyk2qb+tG3/fvX+f4CoJgudMY="}},"Y58YljKS33xXKr4y5xBwYsT7kurnikpkUgMFzUaQoyA=":{"valueMac":{"type":"Buffer","data":"Xp8KqLw0W5Pb+GMqWqtEDj2qzyez41BGko2cqeYzTRg="}},"ZIjRJ85Kso1kmX2fDXI8hHk9Ar1Iw8KAb1qbyi/tDvU=":{"valueMac":{"type":"Buffer","data":"tM/4wOzPcKvKT1z648ha/iLNXki2FvHbwnOu6d9D8MI="}},"ZLdx6d5apuuFFU6xkQ0vFZ8Ts22K6QhaV+Bv19tzN7I=":{"valueMac":{"type":"Buffer","data":"y49+fs3YIxyfcbFomqNK1vsuTpOAqipPF6NROkURWLo="}},"ZPe6GNYT5Y6fi2odGHT4D+4amqPTZupBIQ4sD9TXHVk=":{"valueMac":{"type":"Buffer","data":"oMBMRLz3TAr55D6AIyJS5x7TF0X0QsqpXGq2mp9pyMg="}},"ZQZWL1eOuEyyzK71QHPTUsCfevBhZGh0Pxmru2ZYCwk=":{"valueMac":{"type":"Buffer","data":"f7m/+XIM3eqyHABFZVl4vKBQrPxVQKUsUC6taOy0eiQ="}},"ZbKewBPUMUgrx0TrLqG/d2gFPt3XJwSgqh01rDvtZw8=":{"valueMac":{"type":"Buffer","data":"qtbuHffoM+rY7OLpRIDnjVUzVrI6dTsy8czfFXq/Pb8="}},"aeRg/9C2BVDy4SFAtxeoq6/98xu7PQgfWTVRceShv0E=":{"valueMac":{"type":"Buffer","data":"/jZ+7PuzkUrG2ODcsehpwRX8Zpp/orVYFz001K4NXXQ="}},"a7kvVNZsyTEHxCUhInScUlkq7fU7974ZBrZF2wcjiXE=":{"valueMac":{"type":"Buffer","data":"jQ7ntHC/TwjVBOYNPYYcfk3YIyRh2nxTqJzMAV/ov7o="}},"b2rqJNFxk/CjKOWzhVE67p9TG103SrcmYsJWOEqbIaA=":{"valueMac":{"type":"Buffer","data":"hotK9+QXSSlaXpa6MipOAanMQvCO2ApXN7CxQN7zAdI="}},"b31EjzL6DkuoyFXTVaESBXMvgubPcPKKBPYRQH7S3q4=":{"valueMac":{"type":"Buffer","data":"IdLsrSlUNlIcPswWRn8Y6c4B4+ROC61cKRQUaOrR1rA="}},"c3/78G/EUIc+4tPSo+7o6466dABw6nmk+tBc22+gvFI=":{"valueMac":{"type":"Buffer","data":"LgtR24mbXb0FRQuoiE0dwAfwW8rcNXE9RjP+l52wpF4="}},"dB6ClSQR7EsFGbi4lwrPImtQ40R8irkOyXuxlq4x6vM=":{"valueMac":{"type":"Buffer","data":"WcLvOsArheK4OKD+XzmBR+hegsgSKet5AhGi8URhqKM="}},"dJXdkJ1jAxATkdiv29HhXR9lTT5on+fH5sB5xcW6HoI=":{"valueMac":{"type":"Buffer","data":"zC5KSOTgyHlRNL/NqpejnBW0IxjZpiHQ2DDRQ4f3H34="}},"dgB2dxlbs5Ql7UMlUDDO2qvUCG6d3R3Qk1K/adzG5Ws=":{"valueMac":{"type":"Buffer","data":"ijMl50DFvbF3exfz3vhoRVW1UHaMrLZRVLAwQCFPUuU="}},"eSjVwaJcFzaT8hQHakE4D3tYVrrxJ3z4vVSWEpy9MvI=":{"valueMac":{"type":"Buffer","data":"JAI53Q7JIMqCoBWlTBvFyVhI4frEp+oWRzr/kisu/xo="}},"efrNaZD/Ne1NLqZMgWx9oZbN01qOCXQyZEecQUeL24Y=":{"valueMac":{"type":"Buffer","data":"BZwk9tXCItsifkdZ6L/Zp2NEdZ1jI+5ZJ6nRY2T5Sp4="}},"e44GufvouodUMfCmcrWK/ZkSvWwsoqYw5WGxvyWURyg=":{"valueMac":{"type":"Buffer","data":"vH+fya4SlIvCQbLLp0UgejFNM+aEWPnQx64oUcfu+zg="}},"fQ9FqSnw5dWSsSe+mb9dW0fGpZpXa9OZkB6AZxNhW1o=":{"valueMac":{"type":"Buffer","data":"Y5/RYl7HcB4z1VZqL8HOOSpItEn+UoZ8tThLhOzHumA="}},"fsjABBqApj/gxUO5ZYp+UsL6X0ccms11ji5juNOeMSQ=":{"valueMac":{"type":"Buffer","data":"e0GkHYa3K79QyLpEcuW9kwM6+KUudK+kgTmTY7tNezQ="}},"g8vulaHG1CBGuChcz2UlyFlzcO0THbx3pKSnUoLP2Ns=":{"valueMac":{"type":"Buffer","data":"RfObQjEIrTYiPu+rXYlgkGVp3AM7XvgcDyMth2FTBmk="}},"iSpyu4p2/kzcnOllBXETLHcf4c5I3b13B+E40cgmvoE=":{"valueMac":{"type":"Buffer","data":"NG3AA+TkzGT9y1ZBjBfw6IAeME/QX4m1qQ5M/Gu0gPI="}},"ihUhmZCHdjw9zKu/JM/xq0D9U7dhukVK+CdRDBdlIy4=":{"valueMac":{"type":"Buffer","data":"y4spUoKRW5yo1x9HPFpx9TZd6uJBiNE7OlG/PWijeBw="}},"jLUQVi7gevcacJaDJcl8yl37+WnHUzdP/g1QxrajHEA=":{"valueMac":{"type":"Buffer","data":"zAmuqBl4K92G4xkdzDO+k9cPYLMUNhoiQRIKEfS2lJg="}},"jwAPeXDB16pfZs8Di5Y1Npfrcjo/5OtCeCKDgQdFhw8=":{"valueMac":{"type":"Buffer","data":"PMo8S5Iju41fwR5HDPx0c3tLOilNxVmZ1hK9b0/vMQA="}},"kHPtCx5qH0NKqPnuRjQ/+R+Tg/AdQT7sRL3dUwAdp8o=":{"valueMac":{"type":"Buffer","data":"rZIRpweP/gnWAT38Mc2nYkWCjeIpRw0KThMwIbiK6DM="}},"kMmhGO6/DgwY3hFWIk4CNu82bjYCG8uZoyqVyYB3kBw=":{"valueMac":{"type":"Buffer","data":"ZaFwfYCuNno7E0o8RYjP094VKsxro1m//WMHOR+OUz4="}},"kVdzgcNHyQ4O7F3ziBypbZaUWbSsRNI914PhdbgRggM=":{"valueMac":{"type":"Buffer","data":"WLaYqxNBseHlj8IK5BX6WTdq2ugXs1arGtneeNQ+Ats="}},"lHFj/aorDVSi4SBYIZ6sB9UZKwIPKchf7YFJsGdPXJk=":{"valueMac":{"type":"Buffer","data":"i2pAwCiyMODQkOQ6SUtqZwUPHO261GH2aRkVGLOwYS4="}},"lYyWHwVjMgLwV3nBvhwSYSzLinxCUwk4BDFI/nYvNR8=":{"valueMac":{"type":"Buffer","data":"wbqJVIc77sZ5flKuD8sB8MpCaEYdiV+mjtmxmdPv+hw="}},"l1KYHMz7eebOekQIJlgpKRHx7Ms8NLD6STWKTshmGdk=":{"valueMac":{"type":"Buffer","data":"a7gZSGKSQY5fsE5h7cbJ/WzUSk1hBBMUcPivTfEAB1E="}},"mlXNTv1LRySBbdPTkSJl+s3QOIieAP8QAPxjO2aByG8=":{"valueMac":{"type":"Buffer","data":"E7vhVVy3g8osdvpCvDddhzFzSi1BbBrRJ+U3GQy+Dq4="}},"mp7I0/aRVeo+M4FBxeKZ/Qlf98wfSogkB4814cmYR+E=":{"valueMac":{"type":"Buffer","data":"TrnIJ5VbkJ7JzgMgR+swF7VBLCDbZxLZHprN6b+FzRw="}},"my+82q4f5mYkoueimyq3AlsgGRjIs/CBcj8TXG/WMGA=":{"valueMac":{"type":"Buffer","data":"6B7+hjLJLbwUrpN8mcUocoNgwSod40yXSocZ9DTaY0k="}},"nPaMFm8A6UWOr0T+mYM5ft2J869a4mvn5C9viAMvKwg=":{"valueMac":{"type":"Buffer","data":"TSwUHd4r+ynmj/ELe1j+wHKMzcJDicJpuvzgnoisruM="}},"nfFexfFuFN8O1layehQZPvcZFqDrFj2d5hg34yCGt6g=":{"valueMac":{"type":"Buffer","data":"l4ZiRVgicEDdLFLvJCtif2+jDgtHE01QXFbtiyyKddc="}},"ngjcwT9RvfdgcQP7rGlRDJOQpNalJreT7ylJ5g6INc8=":{"valueMac":{"type":"Buffer","data":"HB0eLOv7bj3MukljaPujSin34y3d74idB1pph2veEHk="}},"nviqLrOrhjnL74wP0NDD8UePyMsbKKIN99yEPiyBXEw=":{"valueMac":{"type":"Buffer","data":"bV1P1li/1LNDqBdlhnb82rauPDUqRGtRZyUj/OSymP0="}},"n5daWcmkQVMB2rDEjTzC5/Xu9aT08YNha7mv0HFSGWw=":{"valueMac":{"type":"Buffer","data":"in3Sxqyh4zFgrRVx3ty1CLW2y00wrn87EQr7LSHuWYg="}},"on1Nj24GkJ7hLkdCwKu/d6pZDpcvzN8PVgJwhYvauZY=":{"valueMac":{"type":"Buffer","data":"Y1RaWtwHhaL95sPwr3X//WSQP2RaUfz8Gh7unzbZBTY="}},"pIGtwEwXf6eIsVAUJ4uk8O1xELAuYF6aGfnaWyow2eg=":{"valueMac":{"type":"Buffer","data":"s8lFB0qP9Cc5n7uK9GAwM8SqT8qDoCJ9zNh6F8cmFGE="}},"pmCyaqAtWcIzDVGPCFq37W7tS1ttQtAIC1ywng7fmY8=":{"valueMac":{"type":"Buffer","data":"Pi+lspRsnbwwe6z58eDKcOR33b6ZvZ93Vqmr1aBU6FU="}},"p/oi2ZlgqX/HFNVM2epdvQ8fqkWlfNeYFqbjBn6tqjM=":{"valueMac":{"type":"Buffer","data":"U07HBtH/LMkxtqkYbKXNFp9NrlLo3o+HZ7Iy2C3D++Y="}},"qaLP6hSrga8Y3XaGT357o/YWNMZUE9ZbMtQ7fC9oAkA=":{"valueMac":{"type":"Buffer","data":"lgMq/MLf8obKYAk5X1cjuh8CUB5mVTYyF3WvFLI4iM0="}},"rElNmS6d6RZKnyqzz308R8Ooao1XsjFIRdop54RD+Z0=":{"valueMac":{"type":"Buffer","data":"5y/wEsMyUKdEN0+Z7ZvQqcMuPkkF4qwrSdAXC0Gy2PI="}},"r5z6TcxHrWSyVNbSnTgDH5X/eVyNtP/8hPDzqE9L2t0=":{"valueMac":{"type":"Buffer","data":"l7Ql7cin6fiPweph6ys1kJUANXo/ZsocmoT7UrHM/n4="}},"r+hx0VYQ3t1TZbufU8AnDGjIw+a74TwZpSg7MuH1GBM=":{"valueMac":{"type":"Buffer","data":"IydSoCw+qgL09Do8Zddvz0YN7LQN1wH2k0wIex+9XN4="}},"sfew6R7hlP/rcdXwoWwLY+bdE+nn+9OPJd0Wh2+1VJw=":{"valueMac":{"type":"Buffer","data":"ati+Us403jwiJCRTRW60vI0jJ/7/+0bDpI1VKm3ZX4s="}},"sjXcszmQU+/pmAUxsx0ObrIXAshykhD2QmqEV4xaOtQ=":{"valueMac":{"type":"Buffer","data":"rWrYtvSsWFIdVlZD1erFDkqXEzqkdOVuqYy5se8kKoM="}},"skWQh/bcvLkq5Ju2RR2BOCnfA+P7fDXBJwLhWyV4H94=":{"valueMac":{"type":"Buffer","data":"MfJ31rXBjSWKwhTdWr22hNHWgrF5rQOttB1TAYOhHdU="}},"s5LU9o3QrDktiKEz2lFlSbVT1HQBGVuNnLyaRq3jBHk=":{"valueMac":{"type":"Buffer","data":"YdXdgkjPLIEIRjHXCDhZrl0vXZwGhIQYcC/xVRA0Lfs="}},"tJJbsDsMTvUA7UDrMVEYGSy6S4rEQobNQQuI/CUyuLU=":{"valueMac":{"type":"Buffer","data":"xvBo3ukQAg3NwF/g76+AqAtoVs2x2mv4Ch//KEBORt4="}},"tJfMYjPnMmDfQZGXcxCQAQloq4KmBlgVEoPW7kGn2sQ=":{"valueMac":{"type":"Buffer","data":"n+wb//em4xF2oNCAUdy6NqXLXsyoyoObg2gxXGBKAZs="}},"tPScazohpCTa18ipkv6CJu+djfPvfsX92rQZl/5EC+E=":{"valueMac":{"type":"Buffer","data":"z9cpNen+CHFMchK+tlsimNM7u4avLUBDZrSIvXPozpA="}},"tTuNY0mR3wZp2OubkFcNU2F9rHxwqcdmWIBGKBD7RNo=":{"valueMac":{"type":"Buffer","data":"T4/vZshR6JL8u9k0F/y9B06zUFW+PBqhqwDD/c1GEtM="}},"tjTofIpZVVUmR1+ffZgHqlAdEmGOVF+fKQWG5A1l+Rc=":{"valueMac":{"type":"Buffer","data":"p+SGYBrQ57MhACsTWLnrRXGDRXeLlyD6n5xm/xDYNXI="}},"ucwMYWgo/UbF+Ujh9FbUDk3PfW0aMP1rm25Y3UAjcGY=":{"valueMac":{"type":"Buffer","data":"GzZqMQjCv4dCMRlmVV5IUTrtpm9FafCoG5xvVghM4PQ="}},"udXXlWIolAUNL6xrsBkCH5GzjBgjoQ7T1El6ACqZZlU=":{"valueMac":{"type":"Buffer","data":"H3+wifLGpFvF3TYDA5fY4NvEnh7FxlzHkjREr6aa+TM="}},"ugdsFl4rrYSMFcCvAHObI872dqBB79HphZQXW5K39Jc=":{"valueMac":{"type":"Buffer","data":"L9kOr+PGWAkSVQUN3ss2f5jSRW3f/UCjQAowHkJgGCc="}},"vJEneK4LJGrNWRapSsPPd5uzsB/RYOgcZK6/0Tez4y0=":{"valueMac":{"type":"Buffer","data":"XiKVPfZ1qwQOjT1kGMBwC55jgj3ppp7/hZ8LQzuU7HQ="}},"vVtWZs7f6inbLgmpwWYH4tpbecYwuqwDKGu3xJ2q6XY=":{"valueMac":{"type":"Buffer","data":"AFJzKS7l1uM0WSH/fra2nW0ugDZnonWeIeY5yTYvLEE="}},"vaP8wKYWGXwwBK3ijTimR8ZUAaN0CATRd1auWWY1+Ic=":{"valueMac":{"type":"Buffer","data":"cZ1Nfd2q1iODHkTkxSiFpQYZN9Cmi7g10BPbpwL9pxw="}},"vsWfEjawBI+re7r6RaPfS/STlyxmB+CxKZ4Z2RH9X44=":{"valueMac":{"type":"Buffer","data":"XV87EMwCuVPdT3UsAT2bJRYiuiYLBkDxEs1NpzukbAQ="}},"vyYTaA/7AyH5COWc4gv+vwg8Lgs+vJ6vhc0QoRLoxhg=":{"valueMac":{"type":"Buffer","data":"/fsQ8oaikH8R+cKiGXLsidD1VvgpWfUUy6UBJcJ/hps="}},"wVgvzzMVaX0znU9u76lJKGLItvBT86OFmvkRMnlyRek=":{"valueMac":{"type":"Buffer","data":"iQO6xzp5w5i/1M+epFUBJtqDh8yw5j+Dac+Lcxz6NHM="}},"wZUqa8jimeXEncGEy0xvrRk2pqpXPfrfHVREKdhDFCc=":{"valueMac":{"type":"Buffer","data":"M4KF4nnq4Zuz08XABo4CGVFooBKuQI68uOHTWRsOldQ="}},"wrGxnQwBaEfbzVRMdMBXhDP1gK4FYE+UkaRE7yFmk5o=":{"valueMac":{"type":"Buffer","data":"54rhE1hrqmclnJPjLffRO7irGnNZuFeP72bvFv+apFQ="}},"w2NwnJvc7MG4e2iTfYqhleHtT4xjTHZrg6ErNBtvp4Q=":{"valueMac":{"type":"Buffer","data":"WZxjLR/S/zvfS0zQPHzjAAYWt2y9sG8W6DykQAZZYQU="}},"xJapmfvYS+xGBXEIrBMF1nfsAr8B/FBCjYg52F5+19A=":{"valueMac":{"type":"Buffer","data":"lXVW8bCk/Ujuc4vG1N8O7xtt5yst3taBUtZUyURgACM="}},"xbZyAWHVkHhlSwo3+Lj4w3d5aR//laL5LGLBal83L2o=":{"valueMac":{"type":"Buffer","data":"1VWrT0on+E2OLW8E7OMJxmGGMo1mO9ng4HdEtHxWaes="}},"xcCJI1xg1kEWf8P4SJRNh51jkp5uGNHHbuS5fJytoeE=":{"valueMac":{"type":"Buffer","data":"o0sIerKxZFedwyTGupmvnppV5e3vYMta9MxVTbpQHNo="}},"x0iaLW2dReg/UZKL5MSWxOyAwUVlcZ7HY/FbQZRf+7U=":{"valueMac":{"type":"Buffer","data":"/uK2B62XIedA6YPMZYqigHaRx3wVJxL6cl71CXaG6gU="}},"x03mxD1WX/TlW1qzEV8q7qY0eErNDwCSxnd9332x6dA=":{"valueMac":{"type":"Buffer","data":"00Cy9sg13uppQLGLgI05QLuXqQbdss+w7b/OhSZZ2xw="}},"yBXF/ivlBekKivQtMf1/NbptJGpvZ+af87d2hL6P1T8=":{"valueMac":{"type":"Buffer","data":"ejH/DPKkgJ6Ligw/kxOyWLTpXTnVbcxmGhMBQUC/E68="}},"yVmfS6jH4umuJloMePeGDzGwsZyvtypECzmeAIceeUU=":{"valueMac":{"type":"Buffer","data":"Ln2iLcgTwJGZI2ThOZzyZHZ5B2pUaPrZYbQ8/xC+J7E="}},"yl1XNEGsSPjl0zYyGVNj0zHm9OsDnP52zL3tQrpctMY=":{"valueMac":{"type":"Buffer","data":"Yrz5ZMIfA69WZlPpQuerd7rx17T0tt8Uyjt6rNotHx8="}},"ymi+0PFNkpACe53zuyerQAx/WDIfCk57d7HRkyyYMQs=":{"valueMac":{"type":"Buffer","data":"5PEXt08K17aXaSwHzBVfltdgBJbHG7oYoIHYEKQk8iE="}},"zJjyZY0dPdwcvwdC3me/a4q3UXfLrEiRCr2OKK7CRXk=":{"valueMac":{"type":"Buffer","data":"BWX9jEtGWYUSDpwLlrJ/6muNiTnIk9LHwKCdLCzQd8g="}},"zRpbwnyvoKnwtiK0eP7qmXCAzmwC5V/jWiByqnRd6FM=":{"valueMac":{"type":"Buffer","data":"UlpxNgDCSc1o6ZVx9FbidDwomT4k2A5/09IpRWqcu6Q="}},"zeqNBxn1gN00P3pqRRUP/m6MsN3F6MZ5RSmXfctLJCA=":{"valueMac":{"type":"Buffer","data":"AFYNi2s5EVKePrC/gy2W6sRfLMJ3SM6AALsNb3hyNXw="}},"zsoFplfnGgxbZziZGCd3evkpX78bju3fzyUvDV0Vhv4=":{"valueMac":{"type":"Buffer","data":"5u2WTqO5BQP55fWrwMCNXIBHrWN3KJWP1OYlN3m9z3A="}},"0CrUjSnjnCFF8dbRBHJpt6BL63QvN8k+lvpFIA24MhI=":{"valueMac":{"type":"Buffer","data":"s9hgULsJ0/GU/YJf9U6MxDxVcjzvf+3pbGSz3bE1gxc="}},"0qCb1yeOTmpeTS8fBsc81gj//yV+z4NrwVrP1LCmgIY=":{"valueMac":{"type":"Buffer","data":"yJ4VKUUd7BVtSTHdC7OIDJuOlRIy7qeNh/CmxHZ7FcI="}},"05jgOi6eugLXGU0YJ+LQ1/Z6SVJThNza5msOZcgKs+o=":{"valueMac":{"type":"Buffer","data":"Vx3m8u1gjv2BUtXGXFPU0+M7Nmevl9m8tu/dE2YDVUU="}},"1KUihOJE0sm/rxt5/mmjrU4gq8x3ZuqezZBUrK1HeNY=":{"valueMac":{"type":"Buffer","data":"g0ZcN2nkgub03+lQwOt4UbA3yYLPdYqq2WPkbPWSYLk="}},"1d2hjoFdQCNXYy43BxxIuP+j/KpE77SLb970CGFLMk0=":{"valueMac":{"type":"Buffer","data":"Cn29KFGp5c6hUNSFG+5CuorQuIDoIc7m72BO2wsHgKM="}},"1huRsm3P+Juatj4rOIssPpW7U+yjcUItCBfOp1i3GXE=":{"valueMac":{"type":"Buffer","data":"rmUmWjs5mt1Y6WFjRsybL8buJT+7zHv3DYV2LOjfUaQ="}},"1xxHpqQO1fEpNTGdlo/qIPnCH5NDtvk3iVT5Lt7Ue3o=":{"valueMac":{"type":"Buffer","data":"TAqWKnd2k7Aqdfis14KXlg4YuoHeilPOrmPXviJYhhM="}},"2dKTnV8GmzaumBQyWCD2/UuMlVYnbKU0qxRZNEbLenI=":{"valueMac":{"type":"Buffer","data":"piYcDK6Wr/Vi5NL4OOv2vSlKCbPOX+F8P9Xnl2Bt/do="}},"2zQRCSofvnCIY2H+C6XBTZN1HzGRXd6o0X5BSnrJeZI=":{"valueMac":{"type":"Buffer","data":"1mpdl9DdAjduhng7iE2sYjOSk5LoNHAxpuVolEycE+w="}},"3EljpG/GFAgWGhUZTdwcrm8zKh5a9GtgO2pSeEGS2gg=":{"valueMac":{"type":"Buffer","data":"h1fIVSan1ZDz0eFutmfEyGsoil2jdSc1kqevN6KT4h0="}},"3SP01pGK2kDdbMgjv3McTJg4lPQd06BNtseaI06rgr4=":{"valueMac":{"type":"Buffer","data":"piPWTeywMi7m49BsjIttw1UWr932h7qoFQshQrjjYo4="}},"3mm0XJANZZ8NpxLFxMNVLofd6cBdLb0g0lSk+aucV7A=":{"valueMac":{"type":"Buffer","data":"82+mTvj3Nbo7yhS3svXqD+FpzwWxvI6NcqlGXKqiTcg="}},"3oFhn7YWiChKi8ByaTGPL4wr2O551iwzwQAAJqTq+cg=":{"valueMac":{"type":"Buffer","data":"Xx3GFNI4E2FjT1kNZJYPBestCzxBmNJeh4WIfDzYjzA="}},"4a6oG2N6FvBGkzcjSqQvktp3ykOqGl3P2Ap4bhsJsMw=":{"valueMac":{"type":"Buffer","data":"FRpnJ7eV0RwsqSxQcZToJokZhTvkRscciw6h+3/wAuo="}},"4fx2LMZeJK0rKVIq10R5iCleDG6SZ0IXu9sp9iFN48U=":{"valueMac":{"type":"Buffer","data":"eLhXRTXL9Czryt/DiCnTvMfoDIFAtkGVxlrIBpWDvG0="}},"4h3BjzHi2EDPP688h5+Rihs/H8ZVbSz2Uaehqv6TBiE=":{"valueMac":{"type":"Buffer","data":"TyMMdSeyVVvxadmQRpXLf0VqJ0yOoc/q/ycwFEJJ2U4="}},"4qwvO1+3gJY8u4LR4In82dBgNqVeq9ojgUD7G/Lw1OU=":{"valueMac":{"type":"Buffer","data":"thMNBSZe7/Cpv1bJBRwfxC0J5F7g6/CTNqA0fwO58S4="}},"4zctLCWpvTtxK2Ih3+XOws8Ox4H/LcHefrPN8I+vt5k=":{"valueMac":{"type":"Buffer","data":"b8FI8hPLVMLxqUu+NmJ5Y/Nbn3mf8gVblFlmNguJriE="}},"47SXMaa0PK2g7B2IChM9ic0vFt1y2B942M/ANIjD+CU=":{"valueMac":{"type":"Buffer","data":"ho4hKQcRJF3JU7boa7IxaqZik8qgjRPKehPJfIeQnWQ="}},"5KiosnzIx5YgEY9L6DEg4hTP4fEF4bIjRQbKVdaZ4U8=":{"valueMac":{"type":"Buffer","data":"J2x2idA7OCtgOk6rwvT/hpQ+1LVsDPWC3cD3GYCVXOw="}},"53lBkZpF13Xs2BTnBVG3baSKlPTOnfiGJmJGhuYQj7U=":{"valueMac":{"type":"Buffer","data":"7vggBt9NDaLOoX+dfz2L4BwNQWB7iaGnMwdQz8AQC6M="}},"5/OZLhmbM28zRlenuc703XR8b6PQ58twfzvh9QV2t98=":{"valueMac":{"type":"Buffer","data":"MjJqN4VjNbDVqTcCA4/DO5JCNVqdt+W4Go7IldFDuM4="}},"6XKXQwWmoWHDLdDlM1AKt9Uwq1fahyWcca3/rc4uJOI=":{"valueMac":{"type":"Buffer","data":"Skf4zwQJfGETqWP2oduzMTC04TQYdV4a50/9/PrLNVc="}},"6Zr3R/ADqooThlzHY3Y8STMMeLo+4HYVXkinLrkijUc=":{"valueMac":{"type":"Buffer","data":"cHHPIE2odQDfYxZLfMyU6OO3r+SqpRBoV4h9POhPSF0="}},"6l/q8jKKWpnMDWjScYMmGKch6rP1PKp4dE7WReKQPCQ=":{"valueMac":{"type":"Buffer","data":"wbxeNqywwy9IiHL3QfZHbpCsBRHC5biMrdHN0qru1GA="}},"61SanwPZx9YclYZN1S+vmMxyGdMXvrdO5vDVEBwdYhk=":{"valueMac":{"type":"Buffer","data":"Dj34Gjuf2HFb/Hb6GGEXj/6MmVDBjmdpwa/LVDuoOfs="}},"7GcHr/0VnewI3XewnueAm9ceuamNWmwxNaJEbMAudqg=":{"valueMac":{"type":"Buffer","data":"CFGxNUBSvlCdv0OfUNGEisTVxWMzGIpAzFmNw9jAjJo="}},"7OonGxza/h/+AXJzbzfcek7iHMSFgq2xlIWX8+I68Dg=":{"valueMac":{"type":"Buffer","data":"L7z0hRQ5qR5ALVIiXXpjgDXwth6jXEwkvrG/papTVcs="}},"7SM18FAX4ObJ40n3EvT4l5Wg1RpGTUL50wPLzQnkiG0=":{"valueMac":{"type":"Buffer","data":"dL/iwXKvaVGgDqASFHh5nPv2ryb+VCfqE49uJlZQgao="}},"72zz2oVv9SjCBFzVm35flNNrgIobTelxFczzzb1UfH8=":{"valueMac":{"type":"Buffer","data":"rjZvY2/zGgcJrWPLMxLL5dymP8x/sekF37RSk8PZh1M="}},"84h5QH3c3qoR+BKZ2Wkf+D8ILO8B73UzlB8aeVtSVMs=":{"valueMac":{"type":"Buffer","data":"5yiUYzFZzcXttfNt2sClDs1efhcCQCLThjlz5pYZNG0="}},"9OPNi4cEnAJOdp16drLIgZsl5MD3bwAyCrUT3hjmhiU=":{"valueMac":{"type":"Buffer","data":"n0SZKpACm9i0rv9Iby/BXOi1GHyk2nDpHnCMeU3BlKs="}},"+8ju1mRWsxsYh+4AUxAOATGh/bzTU/vuRTvOLc9sAfk=":{"valueMac":{"type":"Buffer","data":"iPbgqnE58fAPJEleloHPdmbRCKb2ScxynnY93FOk/u0="}},"/EHytxkhWuh6n8npQLUOvdErnjSJUAA+Cp2ET0ymPGo=":{"valueMac":{"type":"Buffer","data":"IGJnu8w7IXRkpavElZdg9+E/wbcKLgeycLkcExtCElI="}},"/Hue5kzRNsy3zaz0i9ToCAe+vp7r3mxIMUtDu9w8zm8=":{"valueMac":{"type":"Buffer","data":"3aYOAr34QUCRKkzheDaMkIYYISNwgrbaUm24dhEnrUA="}},"/s8EM8qX5p7tBBJclnm7h0SjIfeGlWQXUgByZyldwoQ=":{"valueMac":{"type":"Buffer","data":"nzOfLsyGfJ006Ob3zhccKvPItJeAAOJqpHmOuS7dnhI="}},"/u2X+KHX5YvK5vevxJI6rzTF1RiazAtoTNOKIJEw9us=":{"valueMac":{"type":"Buffer","data":"xlJPSCRoxUxJakE6Be5X0GfVpEH/k3rYuwXwMNs+KMU="}},"/z8AQuJLi2r3T/F9rceNAEKNafZZZo2a0iDLKJyaqiM=":{"valueMac":{"type":"Buffer","data":"RRCbPKK+7WR0wV+bbf/YOVaW+s/t/crhsRFE6GUiomI="}},"/5GU2y37dbPbY1FhvBdf2H1L6Vl4050GawgsNsyWg9I=":{"valueMac":{"type":"Buffer","data":"DqYwRcmpvrX4vfFn9Xi4nORBq9Mc3K66IM61Q1C0I5g="}},"L89pCG4vf1emrVTH6Vu1eZ4hP9qA+U6Tx7vSGqv2x8c=":{"valueMac":{"type":"Buffer","data":"vOVWHhPYlHCocwBTl/DBzFBSoBf3/cQ9neYpnFRvJEU="}}}}