{"version":24,"hash":{"type":"Buffer","data":"RRWOLsoNoNhtZAGid1fzn2rFxNnn6/8D63Lb4JmuQ3DPToCciMwrBdsrCZgmYGIyBbIJVP5QT4b9+hc7HUQe3kBIOCcMbSPOafqx/5AgakO3ffy31I7zaZRFzapTMR4JECVWo5ovbmkvkw1Kko4VGboIKaen10OU5LyE+FgU+08="},"indexValueMap":{"ED0LPlhG1e1UhHppjsYDTn1RajslPa2TnJate+6b8ns=":{"valueMac":{"type":"Buffer","data":"ENtlDy12MKa3VHyDFoR4/5NSJefOuMolOEIo296S48I="}},"FpAtDUzoglg0nDNvwzgXPxdo2GhrwfptSCPB+nlx2a8=":{"valueMac":{"type":"Buffer","data":"755NeAZ4VDRjc/tq3+Fy/hhCJex8H+8PU5F/r5493CQ="}},"KMcyjNOXXI47kte54vJBCQfpNT0L0nSgFDueSrjM1Pk=":{"valueMac":{"type":"Buffer","data":"FH8MVYTRwAkScoeKLDa6YmBpU6n13Swg84W9C/nJQ9A="}},"LDuAPln1F9Mpp+I2QVlWQ8y6InKEHeDHNHZxo4lNNGs=":{"valueMac":{"type":"Buffer","data":"JxLDdhnMZ9dXwhInxsRL6RgZe7AgoWWfF6pjeM2/IM4="}},"QbW47n/9QZ9r+D5UTn2c5hunl4wl3+iG9WdDmUgB1p0=":{"valueMac":{"type":"Buffer","data":"NY9Vhpsa7stiMyBv3COtpHQOsvafP27ffCY1clqSA4c="}},"TuDN93w2Lr+GNUhuwV23S+uYY8fuYir0NEo3+wrbkeA=":{"valueMac":{"type":"Buffer","data":"c7kH5e3pl8a1hCTOgmtMDsE6H7KBPpqBdiV7nk7TzQo="}},"XT4Np/IjyxWVitRqVBuqbBdzxITYZAZWeXeunqcHDMY=":{"valueMac":{"type":"Buffer","data":"KugI+shu3qGo6FtoHl+ZN1lsr2qxpQK3j78qu/3Op9c="}},"YHqgI+gvGCnkKYmRCMuDWqXb/ttBgN0QM4poUV4Wji0=":{"valueMac":{"type":"Buffer","data":"W6xeVx4czQ9IUTmpxOV157qPNs08Lo9fuxX/7JP1ZSM="}},"Y1R1SWOk1IifuSOhIaBJ0Ep8Cu3/bYMVyo9HxEp0zi4=":{"valueMac":{"type":"Buffer","data":"HZlzEGm0Iic6Rxvx9VTZjpeAJkHbOxueRDy6kywQ/pc="}},"ZaU+Jrcdm2VZUO+C4ppOBz0Q2qWSqbc4flEG9B6h34o=":{"valueMac":{"type":"Buffer","data":"uPwZnZRI2arAmvVYYIf0RRQ4IDox2e1LCPUF+dpoWHk="}},"eQFRT+iq3g2dBEjdCgQv8goaqkbPy8ROW0I45lD+D1o=":{"valueMac":{"type":"Buffer","data":"Y1K9jVNaGYCNYeT1EnIhyUIBxaZ7mCCXjBkH++geZG0="}},"hjIeMYFlgugVE+RbFlT5xq+TWlp3YoYxnORHKvhJ5kY=":{"valueMac":{"type":"Buffer","data":"jYaT/69W+O6U0jd12ackCcxQ90tX0vEvWPSrdQfEr5c="}},"tLmCXE1SWdPbr7FjMkLXGlrA4Awy+OtkOZDzEhUcu1o=":{"valueMac":{"type":"Buffer","data":"8e46W6+kZJq4ITlBG/OBWMBDumJfrHPlMnqhqvhmHP4="}},"7Ai53qT0GKJ+ZLvjRQ2UFU3U0IJexow418pnjDnWU/k=":{"valueMac":{"type":"Buffer","data":"qOt+d1DToIu/gGmO9l3vcAjyr4rf++hJV3Y6cgPCVs8="}},"GjF6cwf79/BQPDZHo4mS+QS81dDgwNTuIuRPbsTnya4=":{"valueMac":{"type":"Buffer","data":"muXhe0CQD1x/lGSVLlgySAf+FIpG6zoZKZCSi5VyfYY="}},"oGA5/kMcs0c4tde1vMI8pq6DGAhp9BxyXy3nWGaIbss=":{"valueMac":{"type":"Buffer","data":"d5q1CfjJ2OgNbL7AxRNJQnU4vO+bb3KFCdJikaaobvg="}},"aeDbQO/WQrcZrWnuTWWq5yrbgasLuYV/28sk9dXVZug=":{"valueMac":{"type":"Buffer","data":"dn/kHPZIkBv4LS628wH5qNUDZTQX+SDQZCg/juuixLg="}}}}