{"version":265,"hash":{"type":"Buffer","data":"lDgBAoD07bSU2ha5KCF0XUBHyl8OSZZzMf6uuhtAjG9LkmnKtkBdNiywJ84svlLCmAgj11xyO92CUHpq8WgrcGQekJjK37jBqaUCF46i7t4jxKIdY2pdrUz1VzJeuYwbYKRjRs1kzuTmZwBXfLQnwCEKTFsUOri4+4uV/DYCLw8="},"indexValueMap":{"A8zdSrVx5LVaVaCfrMF+A8EutNiOH62zj9+IGeJ6QHE=":{"valueMac":{"type":"Buffer","data":"ntFMCVRzqXpugrUruM/ofYoZUQ0sp5+vsbm7ZVGxS38="}},"BJiHipmTZRQbu5dFbccz2YdK3AMo94HcM5oH2nI0cO4=":{"valueMac":{"type":"Buffer","data":"dWGnQTAxvhmgvVzQzCnj+yvALIqWGPoEHsFNFQ2Ebds="}},"BQUYtSQAyM4riswtTMlTvVVvoBJDcT32MxUL/vt1Pfs=":{"valueMac":{"type":"Buffer","data":"+3EZH8worI2wToXPfJP5vWuhT6kepXdzBWRE5VdVg6Q="}},"BT/T9cjYU3U7B9mb0MXRLgyImEpTB09CUP9/X5HPMmo=":{"valueMac":{"type":"Buffer","data":"ktfDBAdAWKLeXvNsJP4oc44oOSRAic2B8iPB2ywUvZY="}},"Bgzu/PYQDXVW3n/Fauy5Zdejt2yHjNlk9xmXxyDD9EI=":{"valueMac":{"type":"Buffer","data":"f4zlgQvu6ZbN4rVWtIxynqsxc3pSkTsgdzfFONn3GLU="}},"Bsd5b4VfpumDTRJxFqDTrmmisl52Uupj2627Y4Jimr4=":{"valueMac":{"type":"Buffer","data":"VzE0/IX7SiqzPplEtzZihzCG/hSqjzyoO+sidAcT8pY="}},"CI8qcR5giPfKybF0ekOWKPXZx+hsMmRLRDC4bvRs6MA=":{"valueMac":{"type":"Buffer","data":"xfBORHU0zlr/evQR77mHLCPYNrzdRsMXopvBkLTI5jY="}},"CnzAcHGeUOkJOVmUtSF6pruoSCdeb4WnvsUhUrJCv5k=":{"valueMac":{"type":"Buffer","data":"EOlJhpkBOiRQn+aWxGl88eFBvf8YGoA8kNo0+VHFpIU="}},"CqI5o8GP8gEyFl/SH4bZ+jdBZ2JaS+Et63Djq9dLrqg=":{"valueMac":{"type":"Buffer","data":"iI7rabTj9oG01fl9WPs0ZRHLRUJMHYWEbyNyqPPHyus="}},"Ctuer3Uko5OUJGwkFIGQD8/ij9AKhi/tQIXrVnZlp4I=":{"valueMac":{"type":"Buffer","data":"qEZp6pGe4n53mvJC302pf3Yqz2U3PLjqvZ8udoOX7Uk="}},"DI/fm2Oo8QYX3GhjbJqxzYuE02BdD3uieFwgpNv4rYk=":{"valueMac":{"type":"Buffer","data":"Z5lkkyTPgB8ic9DGnJv+QStH5Wrl5eWAeq0e1PkGoNo="}},"DO7WdM8Tc1D5Zgo2VKhXYSvz0TfSOJjYryiwE68wqyU=":{"valueMac":{"type":"Buffer","data":"kAlx1DUa9lOlK7rO14LpZC5MZtAR22fdLFqwFOtmXd8="}},"DnBMP96SobTi56n9d1xsQKMb7nK6gJjRtr+NFBOlFiA=":{"valueMac":{"type":"Buffer","data":"zPjyv6SfuvOdqN4+vXMdmlMw7kVLpbi0fvVVS0hM18g="}},"EXIQd6AEh2C59HtWNKUJr8AjpOIu1shntU8QApWuDJs=":{"valueMac":{"type":"Buffer","data":"owzCqub4tlmUqLO69WrTumbo62LjU5eW4I8oiGon81A="}},"ExPT+Mbc4byswjkALAi9pz1brkc534s3lsJy8sfpCWo=":{"valueMac":{"type":"Buffer","data":"3twUU5Fm58Wj6cDikcjQqez1G+DXqQDUuMUPGNCwTSs="}},"E5L0Nz1DrmitA58QqYKWVcjfSOVpTt+UzY0hqwKPpcw=":{"valueMac":{"type":"Buffer","data":"BMeBCuTcHJS8FArPxGZeeKOcGa+xg4dhBcJWcL51BcY="}},"FAwdMjA6nnW8YHvfG/uKtMccbNEselctClL5CvPSSbU=":{"valueMac":{"type":"Buffer","data":"KXZqFMbTAgIZKd5T1HxB5zTNcukZ9J7f1q2NLfbRfgQ="}},"FFHFbmBoiRIOdlrwJWFWtwReUG55e6llk9Sa3FYx2CE=":{"valueMac":{"type":"Buffer","data":"j+ImspSNNVCXjCriNHL3WlcKzzozyouh47z8l0LkhHI="}},"FVgkaDTjUTzLJ7+R2MiFncanVjOlw1rRYQ9m5685/LY=":{"valueMac":{"type":"Buffer","data":"C3wF/bUASUHwl90TyesnNukNLuVUyxKMCnB5tNxKp/k="}},"GX8nQhAuaqmj3/0ae7UusWffklYPnsWF83IkezQBJG0=":{"valueMac":{"type":"Buffer","data":"EOJyx+ynEcBGJN+CFoFUJeT1xWKzhCGhZH9oUvwOmyM="}},"GfFITNsHB1/gM0fXtW+FfsUX+ETV6RmjqYgMklRaRuw=":{"valueMac":{"type":"Buffer","data":"W9w2yEmP0TsYRt5MmDXXbeHf7/fyAIkk7vgH4nWtnW0="}},"GrVbwrK5sAukZwMeMLFsWkXW61GDxKqBHbuM/Xau050=":{"valueMac":{"type":"Buffer","data":"aiBVpwXKeNTHkJDXPXxfcyWVshitzYqOosVi8UUqHdk="}},"G9G6Qh2SWzfILII19hLYoi+sBrUf2DYbbJLN7sezuFQ=":{"valueMac":{"type":"Buffer","data":"/0Y8EoOPqsIp9ThD7uCeK5ve6ltuJ7dOLoxUq3TBOX0="}},"HJgWNcPE9oaocD3P2TFaR51YKBp22MkPZ8H4E4g2kv8=":{"valueMac":{"type":"Buffer","data":"LOwTj5oW/n+ac6PvVZz6YyGQFAPezCgUjWyR+jUsqd8="}},"HPlMk+F0h68aCOq1cgFc/ap1yIPgmAjtp82fIOAV8UY=":{"valueMac":{"type":"Buffer","data":"kcJ6PCf4FiZ8pWws2TMnwnTydcnk6Dw3xmKgRUHRKqg="}},"HWsFA/vLXcncOhSIl+FE5uEjcNHSWjVQ3VuiKunpLZQ=":{"valueMac":{"type":"Buffer","data":"8Ozy1+Tmrobow7Rl9L1JKds+C2qWe7NnqheyiY5GCG0="}},"Hdk5MxcvEoSj2wFKDqaRo9nSTGskD1YKaPPd1CAk/3o=":{"valueMac":{"type":"Buffer","data":"a3WKAW7iYC1Vam4gPbGizcagKJuKCFFTrB8CIsM+90o="}},"IDA389NcMagj0xk8bIlqxSbwiOLEq8skim7xpP9kw9w=":{"valueMac":{"type":"Buffer","data":"81qkVpZj9fakYMdegV6fwKe4yeofPc7WYUYzPSYJDkU="}},"IEe8LPHQ3Mi1oJUXSbYu4W7gnYIz8IOIwrOHzXAvmL4=":{"valueMac":{"type":"Buffer","data":"9IOBtREVH1uLZh7HB/925E9cXradarHg12dPiI+ok1k="}},"JB9wFHbNwNFwUs4n5cQ2InOHGgeid5c30+12yuhc0W8=":{"valueMac":{"type":"Buffer","data":"x3gMif4aT2M7FPjfGpXs24LSK+LBVpPoV4q13uz8Elc="}},"JaSH7idfkTANmeBy+NE8o83gfP0UmfM/ebzX7eCvPzk=":{"valueMac":{"type":"Buffer","data":"eP7Mj8MK9KuduxM+ybZeCoSu7RMU3NZnAWx/ra2C2UM="}},"JftKQSleaCJ2QRDt5jwnZmhA/T2pk2GkE0FZBJ5VrvM=":{"valueMac":{"type":"Buffer","data":"Z8JEds93noIU1SQMaRuROvmD1Sm+RbHpPF75/y6JVfA="}},"JyEvSXWLGxgjcyuB7/pmrYlWIh0OQ0hFR7J5Vgyc2do=":{"valueMac":{"type":"Buffer","data":"RFD+VINcQTinKrjd3fcC2pbgK0qmT8JYVKI6eJ8emO0="}},"J6HRqW6x8nq7ysPITMGMiq2e/GPBTiPCCPXezT+PfUE=":{"valueMac":{"type":"Buffer","data":"mjpGf0dpds0N5ZVABUZp43t9GGxkrPJl4tysnQuwgbQ="}},"Knj8s7MxRqUns4xDB84UiYzdtj22sN305vYz0Tlf0a0=":{"valueMac":{"type":"Buffer","data":"LlFaS+P4i67Kn7fuLC+vEG7NdRrWCgpLhzrVfmHvU60="}},"LDQ3TmZZ/E3jaBef2/mnJuYVnIDMmtYLCA+N7KAwHG4=":{"valueMac":{"type":"Buffer","data":"EZmD9AWgdrTaAS4XTl5kuklUU9WYxBJDxPJzElaAKbo="}},"LZnfDYhdPZdmovdmvmeWg6eLsoe0WYrcdZGra8Fw3EU=":{"valueMac":{"type":"Buffer","data":"9cqSUIh3eM6mmzweUCB+raB5ng0lrSEOudabVEtRdKk="}},"LxvwF10875bV0H0C6DScCAp38+Cgz9HkYM6MKC9C47w=":{"valueMac":{"type":"Buffer","data":"naYZbwxLK6Dr9mhWF+8iHpdqmmIJ9Aej8doSQNMUEes="}},"MQZ7y1YAOnxdYDzoKzfwyxVJARvukufgTpwRM1Iu62g=":{"valueMac":{"type":"Buffer","data":"fksUW3wt6kD0NEFGBMWB/bbuTcA63ET4sjODBUYl0JQ="}},"M67/lGz08VqbKJu0eYLGhZ1d4QEaFxa9QDz0Lj4hIQg=":{"valueMac":{"type":"Buffer","data":"SG6jS4AvaRSqsemVMYGEPX4PXmsVpkJ31G88iwUU4cI="}},"NF1BmhVES1yQey1aVO6U5OGSJtRIUI6gWKAbXo5rj3k=":{"valueMac":{"type":"Buffer","data":"Pq0Q6vdqMTXUA2zPqVIfYEhevyK0aZw4rYX/0xdkp9c="}},"No3sbR+55y3d4MbDMhdEjfys7d0tbIDjDrxsb3QyM2Q=":{"valueMac":{"type":"Buffer","data":"nT00b1SM2J3nqYAjIZThMbVZryKF1qOG465CdYQ3mtQ="}},"NzYScP2uP0aHQrpQi9Ar2otOSCIMqCViZEq4z7H6UUw=":{"valueMac":{"type":"Buffer","data":"t1409uFkE/SxI9gmm9KJ8wFFeQP3pL2R+rYDCdVCw28="}},"N6Bp/hJDO3w+uMZdppop8Ffukrget+F4+L+Mt4bAEzk=":{"valueMac":{"type":"Buffer","data":"cSQITyENJiwVYs16/KasnpcW+LTOcvIo4eU4MYZpYgw="}},"OZsI6lKnHuTnAbBg+6vETubDXEETKkgp2k6ZTN/MbCo=":{"valueMac":{"type":"Buffer","data":"qDxubh1sRou+W16P4Bp9vLIpcfW2C0vFA7SHKHevzcw="}},"Of79/gVJQXm77fWqGKPXo+Q7/ONpxEigR2ykFy/VKZ0=":{"valueMac":{"type":"Buffer","data":"IxSAlltk+w8U2MySzq4He6N7HXS2OTBpZ8sPsrFQjok="}},"OlIIZcq14R2+oL9Lzc549xqAOHYOONIs9SGZC8fNkC4=":{"valueMac":{"type":"Buffer","data":"JmNR7t2clucbJc5TnvX5fMIL7T8NSSlqT3bwOwX8ZX8="}},"On3sl2bJ1Kv7+HTWF9xuHjaIe+0aM6R4eSqYAyzkWhY=":{"valueMac":{"type":"Buffer","data":"Ht3X0Uem6MaF+aeKRLxFJ8k5UAIPLwA6NUZNDYhgL/c="}},"OrphPUKzf1+DeqF0XKbiFrELwmyMR7TbaFFnq62rF8s=":{"valueMac":{"type":"Buffer","data":"5wFHY4f8VDIaSfGPjEnXE2SzVFtmDtVEPXgtlW0CgR0="}},"Ps7EEsiSTwyAsRF+ZeA0bqG+vVyzfVBta/Asp4s8RQ0=":{"valueMac":{"type":"Buffer","data":"MQPXGQ7exI8QhLnWi/kdiiAHJJt25uyPQCMm67ZnZiM="}},"P7+52zj+1fctbG0f9ZF1tZrMyKFOJiNo/x4nZRYOPog=":{"valueMac":{"type":"Buffer","data":"rDXI4FLNmhYHeQZKySP3qMPNvvYfnwFaWIDrcZXudUo="}},"QOGf9gzQFOoRq+H3RlakH1R0KKCjfUWRXXbnSKA+gjE=":{"valueMac":{"type":"Buffer","data":"yv0DYAv8BUs9KsD5AJAKG6Hoe/3/TFpBhvMMC7Xsnu0="}},"QQXCcqxDuoSe/JiWbmDzK6wbhUIwk8eSbdf6sPoqdTk=":{"valueMac":{"type":"Buffer","data":"SF5//UuQC4vuLZ5Fx9qvnOgSUFg7/QN4AhgvoXiPjjg="}},"QSSrB0645NrhwSHw6hyuZM6UlXXtyjJO79gNNal91hA=":{"valueMac":{"type":"Buffer","data":"JdjhwxMClTG/HWaqyF+3e12dC5QD7DqKxW3E6CWHakw="}},"QSWW4/SUazhcryqEJKy0SfSbu1TqrwJPjjaaFoKdAjA=":{"valueMac":{"type":"Buffer","data":"kD9DPsKryZp5q17tH8BN2QEJbiF+i2GpohGULVHktwI="}},"QSfrnaFI8Ixysz+OQjqZRnvBBtZhIveTTQVKhatMCwE=":{"valueMac":{"type":"Buffer","data":"j6RUSmFY4lt1zWdztqSvDAx1wb8BxL7N10okFSUujAs="}},"Q4TqSGyjEuafTFqwh2FE8NBslDbz55iMJieBpWzIxX8=":{"valueMac":{"type":"Buffer","data":"/QiWYwONieHzesaf8zHl/qP8Eo3WK7iSv3yS8ur1jEc="}},"ROLMLFt9ckkFsJfKOCskkMOT+jOvPJnsJ2yfaVSu0Gc=":{"valueMac":{"type":"Buffer","data":"shFm6s43BpAKh4qT2aPEYjPsf+37UtzB3e/tOXuFvVw="}},"RUYX6IvUmOsKL6HJloXTBBT7T5b+Z5ASPJoKp6hEa9g=":{"valueMac":{"type":"Buffer","data":"unwDFVTIzkfuO1+QWhzXJSYWFiQMB6QjdYT5BpspDeg="}},"RpJgBAJ4OfTxP2sxP81MnH0U8ICYN8x6gs0s0heeoT0=":{"valueMac":{"type":"Buffer","data":"Aeu95RpCGe8hWRfX3k/iK4eiB8DW0C5wb72Wni8csXM="}},"RtOU+QEFpcFGh+N/L2E3aiE7K37JnqkvOiwmdpNEU88=":{"valueMac":{"type":"Buffer","data":"9nZlZ917Lpa2Loi/UBosDnZ4rFeUb7AtWQQ64lsj9VY="}},"R8XWvoN6fA+yC1hDo2lZ6LQIQ9/BUJmT4D5OI3ZXtKk=":{"valueMac":{"type":"Buffer","data":"PtvtjN7RkuCMd+WnsuoQkwu2LXYdmd4imiLHur1J6Vg="}},"Scb52CXSVhnb1LBGgBcdbSMCDVEhsE9PPvwDLrRsSQs=":{"valueMac":{"type":"Buffer","data":"THwzsiu75MB+QaxLzk/BriqD3674/zNP0sey0DqYzkw="}},"ShbkxWE1vgoQxN36y3oMPUKxsSWVDZO9AiVPFzkGLG4=":{"valueMac":{"type":"Buffer","data":"ibVcC1Fljwtt+nL12B0sFpSO89mJStSCmZIjflnjg/M="}},"S95TDdgt1kWB2tPCOXTzd2FrwKUE0OcmME5Us0NqHyY=":{"valueMac":{"type":"Buffer","data":"qHmjerpBGcLjXb4Go5YLSAC5hMWxOmmPcHDUD+QJvmU="}},"TeS80xhMrI/rRmR8r6SPMweyE2oavaEvc+AcjYnsEIQ=":{"valueMac":{"type":"Buffer","data":"zqN+/EmE6QmxCvOHHl0E/PyYpumBUr8OUakOI3BEE3g="}},"Tfn81BcYalDoDHrYC5NbGf/WNw6NFo7W4WziJ+KQFtY=":{"valueMac":{"type":"Buffer","data":"6YD+RpTJD0NPTT7xlSEbSe0llYFppNkDX4Cr78ARDCI="}},"Tiz0/7sWeQ77pTG4ra2ox3YcLpOD9MgWbjvNQ3WJuWk=":{"valueMac":{"type":"Buffer","data":"oKrxn7hDxccxuwgudJLoKxTY/TigKFbZn4/RhpodqgQ="}},"UNSRdXl8ihS51AvHF5qzVSmmFoMxNqpxeMMHokX6LCo=":{"valueMac":{"type":"Buffer","data":"5bsgNsx+RbOdDIXtZuHNLXuOW4zMV9EnaTjV1mQ/Tt0="}},"VBxQlpo+1TN1c/fbp5X/KDL4ovDShYZuQItB49nPzt4=":{"valueMac":{"type":"Buffer","data":"j0zT4yBkWJSCjCXkFLAogZIjkrKwWyfFizdCBdJ8pss="}},"VQUT/G0dROpEgNA2FIN8R74McCsfrF2ol/xi5mv7i1g=":{"valueMac":{"type":"Buffer","data":"MQsIwrlcrNPwdukMdLRUNSlPTFPIjpbXL48P/VS9yMA="}},"VZ8Xk79KZYMvcT7Nfo2U2q+pkX5oCi5iLTM2klZF7cc=":{"valueMac":{"type":"Buffer","data":"MvOCE3JQRddYQn7AQEsrmT5L6BL3v1Of571Msty8hRU="}},"VfEMJMGJ54EWo6IOmbBS2LQxCrSO29Q7wsZqS1C72F0=":{"valueMac":{"type":"Buffer","data":"da8LenDReDWmFHSQBnDXE/Yq//UWlMrtWGe2j9S+VYU="}},"VpYTKiDTYRQt7qLFkEiI3gDdyjc1fuFsyHRX+sd7urY=":{"valueMac":{"type":"Buffer","data":"+JXtMwz7RedMGPjQbz2HcQpHx7HHqqY7TF1k+DlSWAk="}},"W7xwG5n4Tu2CPu0eshHEJuyWO32vrTxBcu3vHpxG8Ng=":{"valueMac":{"type":"Buffer","data":"2qGgAWl6LwAVMBUGQxPKlD46PVJB6Gk1sJo7RzFlqPg="}},"XFajZQok3UbW5+nuFM2zM427tUIqwIc5ZxE8hRg0/+A=":{"valueMac":{"type":"Buffer","data":"YAVKl2GxwaCmC/MoxJCo4fQpDeZd1TfE2PIywd7O1yU="}},"XLxz3loEB3GJaIsUexM7HxXfy+rzQnwmrqqcz1Cv28k=":{"valueMac":{"type":"Buffer","data":"7fNPNOXCOSRqgY/+DlMKO9U2ShDhtKtvB4xGjWL53FM="}},"Xnwx3LAdVVKRBqiS/F3Hep3720icJI9lhydj3Tz19LM=":{"valueMac":{"type":"Buffer","data":"I9T4hRbr+7bJqBl0tsyXaNWfdIIOCiEDNQYAsMvL5eM="}},"X1iL9YSbMx+jQLPmH4iRJYyUlqcAGRwJyMBxcBzPtO8=":{"valueMac":{"type":"Buffer","data":"DwfCoW1Cg7nzK86HU6wOOrj360ob4StBMUjx4W9KjKE="}},"X5AgpsSitLW6E/AsYymKij2to/w+L84xACPc99ebwLU=":{"valueMac":{"type":"Buffer","data":"4rWgvoEbmIviRE4qjQ63Zo0BVbam74kV+a0XOaK3mZk="}},"YlnK6v6qse/ijyszmmysGSfD2iZRVPjMSETzTXfmCiE=":{"valueMac":{"type":"Buffer","data":"fuu7MUvORFCAsi14wiCm/6hUjGjUlc+1JajI6FOukFI="}},"YsNAeqQBycoIqN6j5zU2L4DS//bajxuT0nq4c8lDtcs=":{"valueMac":{"type":"Buffer","data":"VBL/yj85Xuhutca7uzQOPXIuTrBfnf6GVUsT7IMMRZo="}},"Ytlwum9S7scTRRkAG76opvRNoqXjoMuh5HHHfFqOiqQ=":{"valueMac":{"type":"Buffer","data":"k1XqG1TNuJsBebsJuhFMeuCIi41KV+pWqm8GrfOaz50="}},"YvXPYNpLLsxPoe7JxAMJS0hinRMQxUV2//hoCPxjs6o=":{"valueMac":{"type":"Buffer","data":"XiRmPX1Fh83XDvPlcfGEiXsig3GuYyhAkAqyoJNoO+E="}},"Y7ofglDd1Sa7afKH/PvPNTfNhO4x+Bcp1TWqxqZia7I=":{"valueMac":{"type":"Buffer","data":"WkcCiPEBgKAmYyzHd88/rcsQexB75H4TsTe8VvRjQ5A="}},"Y9YTtBb9ezka2i0EYQxD1dqD20giZewZbW8287L8XaE=":{"valueMac":{"type":"Buffer","data":"wVmZhnQ185itfZuFSipLe5EMXsV9Y3hlptvvy5u5e04="}},"ZQjmREicSsvgNjmn37OJ5qT/5iOCidZqo2/2mFHFGcU=":{"valueMac":{"type":"Buffer","data":"K/qXYnOWho+nGss+Y6aV2mY8jqPHqdgdYUwK2IIQE84="}},"ZeDpLgVJM4OkS6gS3VtuZRnaV1YLe9wLFtt3OOFwnFM=":{"valueMac":{"type":"Buffer","data":"iZATyEd/uRa4LYsME2+Oez7nfhJhYKn25n6pI4jMX5Y="}},"ZmUqo7oP25bVzbas7l3Rgl8BnfFFrXi3xiQmwp/Nm5c=":{"valueMac":{"type":"Buffer","data":"0OwuyAhArejLT6slDbd9fDl4MM/Ch4V8/NAfYG1YlxE="}},"ZwTh2GoPy7woEBnQdju+b9pgdPrd/ilvq8HG69i6/Sg=":{"valueMac":{"type":"Buffer","data":"TvNZ46O3KhAzkqHQAy5rrB+mzCBesk5A0Ijfo5iIZ5I="}},"Z2er5mHSvZozka1giJNHAi5ssXX7JCn1Vw+z09VWcrI=":{"valueMac":{"type":"Buffer","data":"I5u/goQX3VP7u11fOzBrbcMccFD1Hxy8PlgRAdemgOk="}},"aFGI0F3ogozwbJEIIrFzzksntQm1+YgKrjzqzf/Xca4=":{"valueMac":{"type":"Buffer","data":"Re7IVyS90SeiOI0aN0OsHoJJVQcie/i54Mjv4JhnZ80="}},"acmh7cTjNkLmyQ296Of3RaDBy/js7kXxElIHA7VMUMA=":{"valueMac":{"type":"Buffer","data":"Sol9ivpZQWhDMY3tGFVrhQdPfs22vQpFgXiW2Z8r7oU="}},"aoxFvK3w/8/asqGh5o9mGLWUoYhVLi0UpgMqPsW6jQQ=":{"valueMac":{"type":"Buffer","data":"VyFRasZUUp4oaEWE3dLrIbsYz6ru99sObiqkbryf1vs="}},"bZCzEfyhdV9kn5i3YM5nGC1PAlvpmATPifwoIgLpMAY=":{"valueMac":{"type":"Buffer","data":"bumwr9xCKnG9GBEfxJDse4CfW9LLLBDO8ApRDi/O/cI="}},"b7RyaMeLOKyEfOpj5aQxhYMlGUkfoj95WGIys7r0FG0=":{"valueMac":{"type":"Buffer","data":"cKQ5m2/NkSHOc3ch9dR7v8yOYmLvCIYJFA3wB1eQjRE="}},"b7V/Qubgja4UyaqCG3+3E+q4MuP0sOWzpjaA7hzUVLk=":{"valueMac":{"type":"Buffer","data":"l02daW1LtEw2a6jSi5VzUrCR46cCjC/c3p2E4WYQYAk="}},"cVdNQvZ0ziUClve7wS+Z8jJCvmhFVOMt0xZGG5mTZVU=":{"valueMac":{"type":"Buffer","data":"TWtOWKa7eqWLHFvMHavx98/I8UCMtSKPadjm2dC2N9w="}},"cVkLHWJaCamET/rN/4MiAGanDnDBCoN5QJlvUycFuJw=":{"valueMac":{"type":"Buffer","data":"FOQEbQAOX4NhKwOKqIm13gqsQOPkOSwtU2Man7L/p8w="}},"cs+6z4HxcuAEtHRvmc4+3mdR6y/gExqFjThEIOvwks8=":{"valueMac":{"type":"Buffer","data":"6f9WkIPvnnXOXP3uIS1qDvtiOpIauzCtbRNnBn4X2N0="}},"dySVImTezUkP8pqc593XEXkkS7QB9kLxjwoaEd5gMYE=":{"valueMac":{"type":"Buffer","data":"KH7Q5e6WQ8xiFqwTi+j1mpNQVlvInHtPJdz2y4qrBcU="}},"d2K9Fv5QwvwQ/2+gIQHSUiLY2hwBXWkftz9LF3z0foo=":{"valueMac":{"type":"Buffer","data":"AOXv3BdoMWxp9/e9gBspeEPY9UqV6FGUYdqgq+2o2aQ="}},"d44E3/T22RPSle1Lw6iAJAhYpJkIrcVQir2g0u3iSs4=":{"valueMac":{"type":"Buffer","data":"6quDEWmgsKkCXImjVnt6UhZSK96w+guLZzzRi0Uyc28="}},"eIbjkfW74TQy3U6GMmEPKy086iuLiWi/4/8rg7nvVCs=":{"valueMac":{"type":"Buffer","data":"t0kosWHPhVohoM4I6gdOG2yQynA6YquyTu8F78gc8e8="}},"eNJWnsE8DVcve36mswO1TzPJiDdVXeC/8gM+BNDsyyo=":{"valueMac":{"type":"Buffer","data":"0cFk4XRzU+9jeIxbQrHg552JXKV43dGTJ9fKgwAlfvI="}},"eViU03oBU1YPpt1oeGibUoHB5y/fxwR/tRDey/k0vDE=":{"valueMac":{"type":"Buffer","data":"qSDeKBHDARUC3bh+J2YLFT0j2uLTUABfz86tt/A8Q+M="}},"eXNDn4RBXGEgNdp7QX29evpt1IXksCMNhEh0m74j4Gw=":{"valueMac":{"type":"Buffer","data":"q4x3MW4DQ5N8nkiD7Kiscqt9NWtQ4oHi02gN9J27pMk="}},"eb01QSmvMiGqNUaGQtXJYIPbGUpCw8AyXuFxPZcnAKs=":{"valueMac":{"type":"Buffer","data":"cFXBV5C/JhkORe6W9Fx0cVdAklzcGtvj7sBdE45vBRA="}},"ejRkLa8ZZKGzauR6Q7TXzfi16PTdofWlyInuJgwGcfg=":{"valueMac":{"type":"Buffer","data":"I726n/grI45t+ZBBy54m/CEzHWjwHJ91d6+CbtCkxKs="}},"esPJFm+i62uOnVfR2Dl274Jzc59D8Ekaaq/kW3MSsow=":{"valueMac":{"type":"Buffer","data":"pYEwof2kP7VLDd+yRx4R/OnyUviqZ8B4NvLJuxqXCt4="}},"fHSSEuAqp5FXJ9Mmx43O3lw2Mp1Yp/YnTKMwo6+k3FU=":{"valueMac":{"type":"Buffer","data":"EZV9CiIAPN8/SY5Kc375B1PK8Z7/7mp9BLzb+VyEbLs="}},"gR+FQjgCq5UEtxs+GPM4Hy5qdU0rYODKPhGQcq8IjYw=":{"valueMac":{"type":"Buffer","data":"ThC58LNoyAVIE73O7uDdTYFEohxhAq8jFIKHfCEVi+I="}},"gX9hHTnmthqj050Zer26vL83U38jWsjHB385QC37q7M=":{"valueMac":{"type":"Buffer","data":"NzaN+E4U6QMqSgLVHiagzzKVh2pS+GQm9zwhWaUkVF4="}},"goyIDo8nAOBjQBF6oYo3P3Z8HDxg0cpPfoeGZKtgRao=":{"valueMac":{"type":"Buffer","data":"q+Dx9dUA91mtVagYaQKsvr1R1Er2Trj9ohaSwP1+qTo="}},"hAKsxdXr6rmTsuBLhipk6AuyLjsSF+RU3XkG4k49Wz0=":{"valueMac":{"type":"Buffer","data":"MBiLMj2RwPE+Udb/tREr8JZcpitTB2dtnB+LkNtr33U="}},"hIj6k4dFba9H9wyXNBKb4S9p0ZBFzy4R41FIjibF22U=":{"valueMac":{"type":"Buffer","data":"oDKmN28hDRNr0ztjYR6NCHzJ8yYdk8fLSW623IWM0cU="}},"hLudOmNh4dto/jGmMyW0vcoNHHuBebm2GVKtoLbzXv4=":{"valueMac":{"type":"Buffer","data":"OsLieZO0w5EGEu4ayw4XLkkmcMcCNDRnuyz2cj7ISY0="}},"h6hi7QvdalFOCZ2sUVZyH2TS30CC79WCwdqBal7zElE=":{"valueMac":{"type":"Buffer","data":"/TIpHqWBatnJOVbel2pxKFFfmPI3ewadGzhhh7DsxPk="}},"i06Ijdy5XbqRCsfIR0GO2LaIEcadljwRhioacaVQA/E=":{"valueMac":{"type":"Buffer","data":"O/VLCIct2hRaTU4bkSWnDcK7fL7IB/6bJ0IQLevkkaE="}},"jECvbPjlLK0DEdqhGJQxCs3rZxHkrqScZ8d+SRRITY4=":{"valueMac":{"type":"Buffer","data":"KdA/iOtVSpc+WmC28CNRJ9+HX+b30JdCp+yeSHgj1pk="}},"jX0FzzNDfmjpIbYnT8m+cdM6NpMtacVCc6hKkxgnPeU=":{"valueMac":{"type":"Buffer","data":"V9kirSaAFY1ag1l6lUNfWQJougozPAswlqw0dNv8Cyo="}},"jZFKdIMctz04zrm2rvshX7r//aXZ3MljdW/qnGJQNqo=":{"valueMac":{"type":"Buffer","data":"E28Lx54AmI6h6HW537b2I0vohbFK+9SR1nIfn880xZQ="}},"jgPjy7iDE8RgRr0Pfne96n+eJbp9aJgs57AuGDjVxa8=":{"valueMac":{"type":"Buffer","data":"GrG38/MypOfLHiEa2iGZtZ09xOBQIy0ILtYm1HH18bo="}},"jmVdTQP5iLslycQEko6cljyvcn21ZNPnycuFku/Kl9o=":{"valueMac":{"type":"Buffer","data":"tqg2cG486YR5xVn33DmjqRs3BC12EO/JBI4gkN6v8KU="}},"jsnkIbfX+6pD6Ik/sYx6JqO0qZ2XajYDUq1Q+GIPmC0=":{"valueMac":{"type":"Buffer","data":"w99edOaXO67fC+Lcab2+rGMDSk7JeD4+cbSacsU6HJU="}},"kCILUChO7i0VKqDM1FY915LlNWB6HijzayU56tlAfFo=":{"valueMac":{"type":"Buffer","data":"FzmzjvOiN9aCmqVFCSGTyumrmellR0MTBjbxJdkVPts="}},"kEAKckJy0ovh2XCBpN2p/xTgp/6hns3FELOGHLI8XD8=":{"valueMac":{"type":"Buffer","data":"Xtjeewj/0PhY2Zh8XhP3zTjct7Q9y8iOvvsGRWq8enw="}},"kL9/FvJwcyw2lD2Cqcu82ILr2ZURo0qItzRzDWPRiRw=":{"valueMac":{"type":"Buffer","data":"4XBUoqRF/Rra3EaMpmYnGpHwFTZFkJOoMnWAVZLH7h8="}},"kjgdGCQn/1aXB2UuQStuojsPXs5npdCVBFy3DbqVi70=":{"valueMac":{"type":"Buffer","data":"L7ryVS/b5Tmr7AS7qYrZuukMvFkvsS1JPeEob0FDG3Q="}},"kv2mqzjjsJy8jQdqXIllbwH1XN+MN5ctXNBHCViXi8g=":{"valueMac":{"type":"Buffer","data":"D60pq4Gd9Ht+nWWCEL7osFrXQVIw7Ydzo72iAdBGOSo="}},"kzSeol99NOlsjckHfNnNsRVHP2qqT2YrYQbiedHiPbY=":{"valueMac":{"type":"Buffer","data":"lubSO8ZguCLUi4OZqn2MVOmGo10aPYErR5ftCnjyroo="}},"k6X8mbYb9LZ3Jf7Shm5KR7gR4sANiIm0l+XWJusC5Mo=":{"valueMac":{"type":"Buffer","data":"ItanR9lYe7DCy6kRCKmCeMQTYM4Zt2ziAefaVlKbhrA="}},"lViDhHOR/KBXySjXQsWWKIa0s2GJ2XomRFQ+HTU2BZo=":{"valueMac":{"type":"Buffer","data":"IeMXKkJDuxbsZY66rhTwo7I5FtwEMLpIqsLx/iLwtIg="}},"mUxdbvJ+z89NzgjyymHLSwiz+BdESrlLo1XRuWI2bpY=":{"valueMac":{"type":"Buffer","data":"voFPr4h9El1aurItSIY6NM6vm2AI4es2BbWDpYV1C2g="}},"mWr6madVNleehimdc+EEf1bCEepEL3QtN+/rdD4s5MM=":{"valueMac":{"type":"Buffer","data":"sFQTbaXJyUfZlFnx5n1bIEuFyiMUf2H2nCs/Bo6/dr4="}},"mdvQyRvn4ZtKU5GKauEMmCRKbwoFi57Dc26c5fh6VdI=":{"valueMac":{"type":"Buffer","data":"a71q/dTe3549rgo7QzBTcgsVnToj2FzB6z0riGEqmu4="}},"nrU+Qvi1si3FDLZ8g+G3PLjTk3+WQaxTy0ML1oEcjZc=":{"valueMac":{"type":"Buffer","data":"dX9GY8ax0bF3Rhsr1qB2diOVzS1c+gSbIfD1ui8jHcU="}},"nstTleR7BxpWxHy/TGkhPEDWcmV/lodhrrgKZWcAZ4w=":{"valueMac":{"type":"Buffer","data":"mdbt/a5zMiB2ShF1sfFwotal6axDuDcZsmsrvcnoYAs="}},"n4JKd3r0ZFH8wiSJffagPOfGtCij2/TQ+LzcO6Sb82k=":{"valueMac":{"type":"Buffer","data":"k1vub/ULLUgBc5zKWRBxiXZK+AlK7CYICK//kf88FHs="}},"oOtPxaKgrMURbHUFsYhNibGgeLLI95SsPHOIp8cGH4A=":{"valueMac":{"type":"Buffer","data":"QfmbcNeOUbqZCBtrSx5jEEWDNHF8eTSaUA9ZOYODNQE="}},"onsSkKDoPvfLU69Xu167kAbvQcSl9dvH0cpC/WvTg8k=":{"valueMac":{"type":"Buffer","data":"x8CcVdWg4AFyrwY162riQ8dMnhgFWKUhVgnPVPZvpIk="}},"osbTTndLzziqi6DrP1fiMq6zgs28GMsmMtLoC1RGp3E=":{"valueMac":{"type":"Buffer","data":"jFABDsP8psL14zd2V6qJx7l5C5+cq7s/qJUGh3GlkdI="}},"oypqBZ2ccJNLErAVxhxlv9U2I9yFRpOP1BdAUp7gRoc=":{"valueMac":{"type":"Buffer","data":"7V8KBiMDH4+LfZdKFQPv8FXGI56wVuWIh3qx1cqA7wI="}},"o1XpWeW4hzDvNAB4nriA3vlISWcm//yzfttWTa5Ezu4=":{"valueMac":{"type":"Buffer","data":"ZnN04ButrjoDv9c36k2XBo+3yhGEOZC4XvVN0XIilXg="}},"pRdPbVtLq5UDZ+ORxK4NC40kpW+PdAFiN2gxi/rBQzM=":{"valueMac":{"type":"Buffer","data":"MYIi4Lu9vT1qVJxWCNOk7EpZjCo9P+SAx6V7OlAVhY4="}},"pbQ97MifNyHPPOod/bBEPOkVi3ffMUoV1sEC6OSdAsg=":{"valueMac":{"type":"Buffer","data":"rOyareujUAAZ6/x9/pfg4s4BpBUbYyQY1Ib9bo5+XQ8="}},"qCiH9FrVEvr7YpBDbXcX3Nl2uMmfoiQy1U05srdP5gM=":{"valueMac":{"type":"Buffer","data":"fZvfkvByE5MJDR6Px39TIXiu05qFVRubVJEGWPiAQH4="}},"qTElMRGsG3kZVc9jxBXvQ8QBkMxKWDSR/Ek5I630m7c=":{"valueMac":{"type":"Buffer","data":"P5ok4HewPEzOMenXsP1eY2lYyLOrsD0IuhtUzFS1Zvo="}},"qyDz0D7M6JUuBPNaTvvwDxRvXUxMMnrP/y/UwU8ysvo=":{"valueMac":{"type":"Buffer","data":"B1Nm7UvTew8zEmSJ/VMy+mwZIcci8DuFYOYFnwhtjGU="}},"ri3ke358Hopn3Icb5ejBH2iq4zOZ5CuU5miQeWXrYhY=":{"valueMac":{"type":"Buffer","data":"Lk/uQbyIWIwqrBcClWBSrVJCFfRajX96DNX3sAfDmRY="}},"r5RSVVESRfLDWlWVZ3JX5KHTsFv7v7i+2NVshK6RQsE=":{"valueMac":{"type":"Buffer","data":"i0RQwsrBp0WhDXPveS4F264wfju2r58usUQojMt50Ww="}},"r7Qdt47B/dMbPPyjh0AmlDi7mzUenwF2GtYV8L0s1c4=":{"valueMac":{"type":"Buffer","data":"gUNXLJ35Qec9xEewXskQJZhyHVBMhfvFkIu4/xJ1npc="}},"sRyomwnQZjPtkYoYzcwslxz5y3YAaO5zA4UKwgLfnww=":{"valueMac":{"type":"Buffer","data":"Ck2dG/StseBIJdbiauMBEz8j4bNFfxQVqNvG1OY1DJ8="}},"sT7LYislOm7k8Ml0o2yPGIlLghJoKs7meV4YPZlpnIY=":{"valueMac":{"type":"Buffer","data":"JYesTAWbaYsJoedyZhs4Y8lm7bXYaFoyTbIM7yYcoXY="}},"siGBW1AbgcPB22IdnYoRcybdMUKBPSxC0+GSfRJs+mg=":{"valueMac":{"type":"Buffer","data":"PBOBjXHBdFJkTnKfk3QHsTDSsUdejwDsOx3yFyqBkpA="}},"sui+E0X/efTp4st87hcGiJJPlpc25xRtDGoR9M149/o=":{"valueMac":{"type":"Buffer","data":"boHy2fm1Ypas1BtYGirNhwipAeHQZPJ2hG1grtxYmek="}},"s45qEw9KdpOFKQIorrU1R6qRGoT0gw5IWp6DiC4wPyM=":{"valueMac":{"type":"Buffer","data":"fKrWoSt1DF1ewta42bJPUyt1pC+02AP8NVrnCKGM/a8="}},"tWC/Crbx/4fQWNVxMn/RC0YNemlBjBEa6zq5sDjyoxc=":{"valueMac":{"type":"Buffer","data":"Ae6NVmBd3TMv5hCErBSkYKvNF6Q4CFC/RnAQ7sILmEI="}},"uHqnU/OcFBalsoynh7Yipz3MvqAFwPpXKhNtYTtDmoA=":{"valueMac":{"type":"Buffer","data":"zpzRDr0WGOg+M8j4/XBRQTyM9a8taQvgbgZGHFXyTBE="}},"uLlUi97+w9DS9OmOxm0nzPjwUET4TxTdNnm5DRjkhJc=":{"valueMac":{"type":"Buffer","data":"IynMrAyJC8ioPGSLEQfJNH/7tnAATqD8syQ2dOn0IOI="}},"uN+4MHxaYnwwjogRpW2xtDu/L+pOmF4gG8iUEj1TcV4=":{"valueMac":{"type":"Buffer","data":"Mj1nYG7V3+tbgsSDLtl2RewRAB0ZegIP6Hd4XR/VjBc="}},"uZbCW4gBUnpHGb5p+pS2YZLRMtOupEH8kXYhks0h+l8=":{"valueMac":{"type":"Buffer","data":"LIm09GiU55j3dgl4bEvv5+cpGZBtBTgVifrb6tcdqN8="}},"uz6qwJlPXQRXDM1kWQUT8e2Kdw36bAonqxvAXWejOyg=":{"valueMac":{"type":"Buffer","data":"4OcXhNQV3aGeYSa5OvZvHW4+aNOJqW8tqYuhizWN8TA="}},"u9NRIvSspdm3Hz21ujoOMsx02807K2n2H4PX/t/WtH0=":{"valueMac":{"type":"Buffer","data":"xFO3c7ybynPo/sfINuVB3nMcgl3TRK5yozza/xpXxFQ="}},"vB2/T23x8RwX6hLJqaLwPcNTNYspGP/a57OMW2hO5Gw=":{"valueMac":{"type":"Buffer","data":"cXLvAZ1+O8EkAcIMKCuul6Yv74G4Ki/jVfTJKebeHTc="}},"vICNe1V1DWE066mliL5iSNK3H3q2r8LxJcGvAMQlf6Q=":{"valueMac":{"type":"Buffer","data":"WHVNbyzIcPXsJK064AbjzYwGITtleDci2FfXCFNmRb4="}},"vNRkxetClHLX1OBxXLnAVzwEg1AJS3gGn/J86l++AkQ=":{"valueMac":{"type":"Buffer","data":"1+PJmhdBSSFyds7nhaRP0KT9YDr1BmB/wWRCxqik4H8="}},"vWmNbrfxzBwHM37g8zZTbPRMr7rwjO/FGXuUVyAnxFM=":{"valueMac":{"type":"Buffer","data":"bX+WYEDarvpCM2chDGdpju+HiNmWwATPobTpSv5nIDs="}},"vXzLlccwEeGQdT6LZ9JCVh9OSQN0kMNp2F9kqhjeODc=":{"valueMac":{"type":"Buffer","data":"92WQH6cxzbkoYC3aDS1g8kn41snNTsQndkqlZQR4EDE="}},"vX6Mv4f1HujIL9jBoFFYVSxQDiPJ+ayVGFbdkV+4v+E=":{"valueMac":{"type":"Buffer","data":"YNf/+kFdKSvv4751eDJDCvMJjak4RBZrkE5unUUJ/pA="}},"vYX001ikBl2jZuK+okM8fdscgK1QJBxZiLjfZ2a37CM=":{"valueMac":{"type":"Buffer","data":"NBN5j/VVkMwGuvZ4mKlR0aJSqYTQEqKDo7+R+c9j4DA="}},"vbIFHDQXpkNpoEzChswkLh/lPv/F10BliZjGiE6MxcM=":{"valueMac":{"type":"Buffer","data":"DwshbTwLxl6jwoFilXODMXPpvfW714XHXMCHGcgIf84="}},"v7yez+lL8a/JFa1/j9hVPbcRk8TC5XVgfEhRAyQqEiw=":{"valueMac":{"type":"Buffer","data":"9mb2uNrTN/Gc9xpJRwm76f7Nie7BIFRo8MorMHCXhiE="}},"wW8chF1ip3sTvG1KMPtKpnNLu+8M3iU55nohit81ym4=":{"valueMac":{"type":"Buffer","data":"ILgvjunQfSXZc1tIyvbIHvLxJyl/YtrFBMpiF/W/B0Y="}},"wlzDh1pHmwdN8Vz3icfjJ8KEEYvSdV3cvg+Qx2YG7CE=":{"valueMac":{"type":"Buffer","data":"VVIOh0Xo5R2TIDV4JCF8RG9s+qeZrrhHMkjIQszej/E="}},"wtT1OIegih6uPBeVQqwPGU+jF8uowd04DkjZjUAYKJQ=":{"valueMac":{"type":"Buffer","data":"nQhUDZXjMsVAZtPbGZXQIvgFHZ94gOTX8i8kSlIJZx0="}},"w3ZHuDVevWTc9PA8hUum50nAKmbL2aB/12ZLnlasgds=":{"valueMac":{"type":"Buffer","data":"qtN+pjH/b/XhikQ3bAF8ws0X4hrUinW8VnExXBP8rAY="}},"xQngROVyWe4ZG5GK1vvRZyJHd/+2EgzZbrSsvKFK7z4=":{"valueMac":{"type":"Buffer","data":"pxY6UFSfRfn+lLAxUz2Qk0RAOt3xW/3w5ADQ49wjDpU="}},"xderu4ZU97uVGWC908/M20fB8gS+HaELQ6WGYRPj9oQ=":{"valueMac":{"type":"Buffer","data":"wMn/D5qWT0UGL0yn7jeTbu5m0lMC1mA7mSKInyxDb90="}},"xj8G434Ql9VDt8LlMD5XCTWzjLN2iRku5ba22tLJinI=":{"valueMac":{"type":"Buffer","data":"Fh2GPqU3/WFa1nmCnaeyN/ieKR0vVbIQ6397pxFlLmI="}},"xoy5Dy1iFLHTncV5vdEPEE0a4q3TyH3LkKbNg+y2qro=":{"valueMac":{"type":"Buffer","data":"o3ky758CSi2pd6n2hd3qqsc6KyfzHS+tP+M6YQaFIGY="}},"xwL3yQJX0ojmKHf9s/YrJYrNuaFWzaEsWAnxPfuPzZk=":{"valueMac":{"type":"Buffer","data":"UxU8EGq4Zh5Ks7ECtEUE9BHV8sRBjUrkRMc+Tzm5Mpc="}},"yM2/hP/1BruXDr5GEtXbmj+0ZrGGGGBbi8BDCofAl2g=":{"valueMac":{"type":"Buffer","data":"QaGx1Ezsz90nZKNCwVjbMbE3KaPPtC9HJNoX3dWYm+g="}},"yQKJmgP+Lez5IMXZlj7MGfAD1VqbWWvnllFuMyw1uUM=":{"valueMac":{"type":"Buffer","data":"5CE2YjgLRukTa7Y2ZigP2U/tprr/dmO8tpHhrkAAvFM="}},"yVYaPgOeR+xCMUC3xHbOR/tg8CgI0TPOdPSm/UsapnE=":{"valueMac":{"type":"Buffer","data":"bAjVP5EZLCrlbBlhmKu3aUSWJ2fttlulA6Q/K/Mta6Y="}},"yi4QH0CIf/+qsgYAS1uPyo/+Q8QdnzzG6EUOIPli/Ec=":{"valueMac":{"type":"Buffer","data":"bjOCCZKnvPIV2lAag5aW718fCT0E4P1J2yzpd7NkFUY="}},"y5HpWau766I4Yd40jdQwySVgVFUhVT9xB0SX649I5AU=":{"valueMac":{"type":"Buffer","data":"UqwPnaS4KdpLsZBsp7msYCuIowDrmSsOo1XNpcXhq8c="}},"zVvT+i5R/rFu93qfqtUKV7+X7WeLkXefTSoH0E3+2w8=":{"valueMac":{"type":"Buffer","data":"BkYE3XicrgfaiCvOThlrPhBxMmplCz4MUYpUmZycMb0="}},"0Ih+2eN4SMCrMsz6GtzBa4aZUeTyvxsUrqUszHbMQZ8=":{"valueMac":{"type":"Buffer","data":"v2alcSG4Py9TXN6bWmX1xU7ZyGMl2fqAsg6e5sOMNoY="}},"0fOo/4qexjwHgPkW3SoEEHV/kaNAy7poZE+cqnKX9D0=":{"valueMac":{"type":"Buffer","data":"qP0zTlp1+UgqI5sdR13YFCbQFaNim+FE8MYqmtLhh+Q="}},"0wijPDHgGob50jga7OAS9wSVNjuxEWOdBTvHb7mB0qs=":{"valueMac":{"type":"Buffer","data":"mSQhWS0NC/OupWhJT9H57iSHBqnFsQ2KQh9n524cHtE="}},"1MS0yzb3FMNN35Hac7gWcLb5hHmfmBWWIBEvuBQZ4b0=":{"valueMac":{"type":"Buffer","data":"b2ftgKRf8f3gAp+Gl3f5Wtn8bJI1mM0cg+xaeXbNPYU="}},"1Q3UtgGf9qUfZomFnG+UdFaaiEtmydjCbLv0zNaWPsw=":{"valueMac":{"type":"Buffer","data":"bPuGCagYpCW7CdyGVFq3QsYN9RsbU5x2sOMwEn98Dq0="}},"1kge5X6i/WLqJwzvIh9+In5njfSrZPk1uMUmwOWcRZM=":{"valueMac":{"type":"Buffer","data":"CdWUx9Q0gqmvbphrSltYLbgaGJO+0d+RSwSenK8fIyU="}},"1rgtQ8p5/Sij3jo2he486uO109H7KtR3wl0yo0op2z0=":{"valueMac":{"type":"Buffer","data":"cHTWWmcZf0xjhLpLeyJB+m1BDUlwCHXH2b0vRUGacrE="}},"12hgmAuuD6b+t+YYG1uCuVVM2y/l5NCaBas39CIFoDk=":{"valueMac":{"type":"Buffer","data":"cjBkchWs54G6G+gv4kCqBFh7V9fTZnS8z9rdsfEXXqg="}},"2CAHJcrnhY7Uh7rN0BW+tjdEG2roJtbC9tOKV4+hH1U=":{"valueMac":{"type":"Buffer","data":"UQupmTz78+bX5hpgHeasmmLEQ1uVaUOwiDgZV4aycV8="}},"2sWafkQrgYx3Tzl1exJnEzqgOeVUOoFcO3FT3/yVpYY=":{"valueMac":{"type":"Buffer","data":"WNM/A3XxnZxhKYTZMCHQBAv6Tq1TW6Oln+AQFg25sWM="}},"2vktW+xqKaKqYMg/OObq27BohHz4yfEmBsJVKCXg9ZE=":{"valueMac":{"type":"Buffer","data":"WEiYoj4/5qVi7oZRIM6Q1x/Hj7ouWaNoe58rZnuvDnU="}},"3CFaJIhii20ESrUU3np9+wgqCFmQJPLO19mruJLRgsc=":{"valueMac":{"type":"Buffer","data":"yfZ5DmHudHiTiebSEt86koGZR17pjL3OogMEm+bbVvs="}},"3VOvJo3WekVOIfBhO7EtFAHAzthsKVc0cJJOk+HzSls=":{"valueMac":{"type":"Buffer","data":"xhWbMrJxvWYcVOaShCTU1LQrYDaehpFdauRgAloiO94="}},"3yKvBArGjd057I3IMLqYRxZ76AW+mfX+RMaLzHoOkqE=":{"valueMac":{"type":"Buffer","data":"c2zlW/ITF3k0bV/9yLAvtgP0GVf+VwzKXC7saAk9gVc="}},"4GD2z8MhnAOSZxz2YvmYWLYr6e1Fee98Gz8C7JC7kSU=":{"valueMac":{"type":"Buffer","data":"RaIrLo29o4Z3dJMLU5ADgaYoE47enQCPBsTcNA7As78="}},"4SY9hV/tHWyeJOJ5moJT2syJjKrHY2LpxTWOBH+kL4I=":{"valueMac":{"type":"Buffer","data":"0rsSfeK5sxjeUSpTl0cf8ZPESe6CpRG06AsDS6CKyaI="}},"4ZjuNGiiJ9ZexAi8+ewvhNkXYJ5MlKxR+DfJ8qEZQi8=":{"valueMac":{"type":"Buffer","data":"MCGWPVKompZdvGO0iUVuC5bndQ3QUgpmx4Sdt56OM/M="}},"5Bp1FAirJIqXgiMfbyM/YOk1QhKZxOezM3R/bg0bXAI=":{"valueMac":{"type":"Buffer","data":"bJBso4mUcY87yr9RVyksz/AVn5XVeaood19rtOnXero="}},"5H0sCabAorDHSXp4pTAqHPs278hpwW61rbsgTh3SPJc=":{"valueMac":{"type":"Buffer","data":"rd2DerIhUlNDNkR26mpr6SlDwsAwR5js5nGYw9rGfIM="}},"5cFySdmlFVmfQS3X28/Fud2QbsDF4yr6+LgVNcMX5Y4=":{"valueMac":{"type":"Buffer","data":"arQG/yYu+JjIJpvZXeflKGEn21mfKc55Fi62jkZnhQ0="}},"6QIboOZgD73dBe/kw1OlZXhTRwddmDdDDxyFcs2oH8E=":{"valueMac":{"type":"Buffer","data":"TQlIUjpzYVEqIlD/FUdHFkZwnbvd+ip/Ua9b3x4mlfw="}},"6nEudV4BGS09VwtahUg611bXCBhb60CvfzC8mRC22dE=":{"valueMac":{"type":"Buffer","data":"TrFP3WfrkNdVVXcUZ0WlFjSF5BswiRE1hF+1clacc4g="}},"6s7Bv39lGVIUnrpwd4Uh+SWPTRQ5mckByKziZXfcS8M=":{"valueMac":{"type":"Buffer","data":"SitsR2QJqfFYUXtRwqjtvUeUY0k3J8rLG6ZO1whiR+E="}},"7PP0Yx+WpushICplz6sq5SwqURFGR6Df3/Ekb0DII+U=":{"valueMac":{"type":"Buffer","data":"1+cfPDCj3SU+A/PXbjI2O5OREGIWSZwzoRz4s487jC0="}},"7SdgvbxL6eod9wYnMVwk3DNxePnxxDWU4Ox6AyINteU=":{"valueMac":{"type":"Buffer","data":"n+KqZL6VtGnFZWGUA8eadBF4YfLXTo9EPntPlV7TO2U="}},"7z0o8XBA33ppoBhZguO5gFfBEYlXZ6Dhzb7HeWSdjJI=":{"valueMac":{"type":"Buffer","data":"ElRCiNF9HM+NwdZaGrHc/FA7yGb4Gxh9GQm2KINsPJU="}},"75cuAue0tUtf5Yoclo8/5DkpOKeVdoZRP3263FD5Y+E=":{"valueMac":{"type":"Buffer","data":"B8bq29clj+blYFPkyKxtswOdzNw0+7vB3sJ/+hqsD9U="}},"8qldXQvVVzUYqnYXNC0iUJqu8FBLGnSBpAX1/JYoyyk=":{"valueMac":{"type":"Buffer","data":"KFeoOS3Gtp3ZCI5k6nFIUYr2S0fR+6nGSAVMm4FrTPc="}},"89ZLnOPNOxLoz7e4g0nC1+ocvmZ54f9KQZZ6tl5EkA0=":{"valueMac":{"type":"Buffer","data":"2v3Mhw9Nfqypq0tJv38FPGL3wCuC27yQVJr0W5JWkUI="}},"+1wpXxImaxD7Gdw//1TwbGodp7LDz5hQh/HCgmhpu/I=":{"valueMac":{"type":"Buffer","data":"edMS/NKz/OqgC3ymR1TGXt5rBUs4NekDNMIjSWKpLe8="}},"/DNvt6gykw7E9kCyrxO/oZ2alhJF7G6fikbJeQeGfiA=":{"valueMac":{"type":"Buffer","data":"NUVAPfHvo4Cnbu0gbRhkVZezou7c3jnFMpjzPHNCr/k="}},"/IHTLIRhF/yPGE4rY12qyVcUrhQaJlgQV65OsHt57IY=":{"valueMac":{"type":"Buffer","data":"ibptEMnX50zDSwVO80MFJWqR4BVkZpkMBNw2Evnz7TU="}},"/kS0ZX43sruMjEEBNnaTqfaQtx2pFoCqmX6skeY+NfY=":{"valueMac":{"type":"Buffer","data":"Ns2qEdmdD24oVbRK5dv6ktjVzoZPZ/HzHaMuD2ia4W0="}},"/oxi9nisuadIf6FSoGIjLcaXI8csD5kG0xMQ2soZJ1s=":{"valueMac":{"type":"Buffer","data":"QC2EydOW01jsXMj16giJkYfGNRZqKlMAJHL8LyYbrr8="}},"GsioblH9TuDhR2DjMiro31L69SHyYre0EmH2GY8va3k=":{"valueMac":{"type":"Buffer","data":"7cY8yIlpoNFmjeGI28i/wpELCoz8wCvpHD+7WJaF57o="}},"FhyX0i3fvG7nkEFLI+s1AgL8avyxg1s2kXC0fnj1Sx0=":{"valueMac":{"type":"Buffer","data":"QGjzLphm/3j0iky7nrYfp0P/bLYimWN5tk3nQWVa+oo="}},"Ku0gtWprrjxOoVXp91mN8OpvHQB6V7MJCSgTHEevu54=":{"valueMac":{"type":"Buffer","data":"7No6Vy3wT5chuzWs0AWH+RaSeIewC+o0GuSm0BYE+eU="}},"I4dkQbc5ERGqhoH2GhqJ+4kWTKKV6J496EpYxGGZFLQ=":{"valueMac":{"type":"Buffer","data":"ULR45elKtSd8kixmZE6hh+z8MyNy2STTt2NhoqNIyHE="}},"3ds05Un/fji8+kolK1Eu1eeO2M16Pme09/WAURxZzsk=":{"valueMac":{"type":"Buffer","data":"lhoG2gjTfTApRslgpV0pTo/lg8E/v994gI6UjYfwi6M="}},"NYiPwJhtyiZnxMJmG+/kHZjpIwMtOrMbiDEnUyJa/ZA=":{"valueMac":{"type":"Buffer","data":"gMyIX6+6wGaZyaPiQ945xBDVRwKRFEEabY3Y2zke70s="}}}}