{"noiseKey":{"private":{"type":"Buffer","data":"8FoT3IpvaLo8LOY8aQ7hF5Gs7pT9XTcAwOyDSW1BAno="},"public":{"type":"Buffer","data":"X4llvn698H049/6VxP8WzRaz0qyyqSlwaXf4fdMY5Gk="}},"pairingEphemeralKeyPair":{"private":{"type":"Buffer","data":"6Ay1ZVlH0Fc0nDnw8s3K5Uls/Zp5v6HooLGBonvzdkE="},"public":{"type":"Buffer","data":"4Ifgu4CKUZTJknU0SZlypS7cYIoTD9GYAb91//hXXHM="}},"signedIdentityKey":{"private":{"type":"Buffer","data":"6Jg9dRgP9V1NdsEhn40cbmtHfUQ9Txa2yz0VddZ62HY="},"public":{"type":"Buffer","data":"FrPXwpamr9Rkwv7Qc413z0JgfT1jqIyzJDZ9Q+QhlWA="}},"signedPreKey":{"keyPair":{"private":{"type":"Buffer","data":"gIRa4XChrKkR/T03+jDDkI2JZnJDowkELzMwguYGi1o="},"public":{"type":"Buffer","data":"HH6JMDC+BniLP6NEgcrNl9LpFbG+EB0MayhsxDcW7Xg="}},"signature":{"type":"Buffer","data":"a8TWp6QKvMdNX285NUjnlbLubZHHoDwJnamVp0hJHOcyBubECnpgCXIrR2puSkTC9Bs/ZAjQLPO9+nB2bwNNiQ=="},"keyId":1},"registrationId":104,"advSecretKey":"b+bWzbdaZsdhgyFOzG+hBPKwAa7L87mN0WklPdEHT/0=","processedHistoryMessages":[{"key":{"remoteJid":"5493816174448@s.whatsapp.net","fromMe":true,"id":"3A3C824C4FFB6C24399C"},"messageTimestamp":1719339543},{"key":{"remoteJid":"5493816174448@s.whatsapp.net","fromMe":true,"id":"3AB812A01F6A683C480A"},"messageTimestamp":1719339547},{"key":{"remoteJid":"5493816174448@s.whatsapp.net","fromMe":true,"id":"3A8C3D307EAC70C1C291"},"messageTimestamp":1719339556},{"key":{"remoteJid":"5493816174448@s.whatsapp.net","fromMe":true,"id":"3AA5C3ECD69216BCAC26"},"messageTimestamp":1719339562},{"key":{"remoteJid":"5493816174448@s.whatsapp.net","fromMe":true,"id":"3A3D53B9D2E58CAE1830"},"messageTimestamp":1719339879},{"key":{"remoteJid":"5493816174448@s.whatsapp.net","fromMe":true,"id":"3A2383E5686A7B669553"},"messageTimestamp":1719339902},{"key":{"remoteJid":"5493816174448@s.whatsapp.net","fromMe":true,"id":"3A279F98605778EF1E58"},"messageTimestamp":1719339951},{"key":{"remoteJid":"5493816174448@s.whatsapp.net","fromMe":true,"id":"3A2FE712C90F85CCCA27"},"messageTimestamp":1719339955}],"nextPreKeyId":32,"firstUnuploadedPreKeyId":32,"accountSyncCounter":1,"accountSettings":{"unarchiveChats":false},"deviceId":"FpaUnQPcRlSnqafHYpV6Ng","phoneId":"6a9a04f4-cff4-4d96-bd6f-c59be800ef1e","identityId":{"type":"Buffer","data":"EBuR2FkONDzml+u1ErFW7xE4Q3Q="},"registered":false,"backupToken":{"type":"Buffer","data":"BXxSN+Qa7BzFwOTEnfU3Q8/zmo4="},"registration":{},"account":{"details":"CKzl4GMQi5TsswYYDiAAKAA=","accountSignatureKey":"4+9Jp/+HSkqPCI/pvtGEfB942CZtRSWsufP3AHc0ax0=","accountSignature":"J1yDD7c2ckBYPv0XZwWOYn+CvOGi1CCTkDcOR1GODLkO2AyNR/ajoi5/IfkcSfjH+edwo5mvBecz+u1qwq5yig==","deviceSignature":"YnbZjop27eDgzQ10uVPsJgLx0N7YKhdu9DEBxsfKbcVnoGp3kzVjMwWb/FnncSG74DXw0zDd8Z5eBo1ztvVmgg=="},"me":{"id":"5493816174448:15@s.whatsapp.net","name":"Joaquin Iturre"},"signalIdentities":[{"identifier":{"name":"5493816174448:15@s.whatsapp.net","deviceId":0},"identifierKey":{"type":"Buffer","data":"BePvSaf/h0pKjwiP6b7RhHwfeNgmbUUlrLnz9wB3NGsd"}}],"platform":"iphone","lastAccountSyncTimestamp":1719339589,"myAppStateKeyId":"AAAAAMOq"}