[{"senderKeyId":1968204345,"senderChainKey":{"iteration":20,"seed":"mAuKLAFK30CWo6c3sdxB33Elt4rvs3gmFzg1ZqCpV2I="},"senderSigningKey":{"public":"Bc8mgcGS/lh3eBn3vlz75neTCz2PbDhjl7eG8WUMrN5K"}},{"senderKeyId":1968204345,"senderChainKey":{"iteration":20,"seed":"mAuKLAFK30CWo6c3sdxB33Elt4rvs3gmFzg1ZqCpV2I="},"senderSigningKey":{"public":"Bc8mgcGS/lh3eBn3vlz75neTCz2PbDhjl7eG8WUMrN5K"}},{"senderKeyId":1968204345,"senderChainKey":{"iteration":20,"seed":"mAuKLAFK30CWo6c3sdxB33Elt4rvs3gmFzg1ZqCpV2I="},"senderSigningKey":{"public":"Bc8mgcGS/lh3eBn3vlz75neTCz2PbDhjl7eG8WUMrN5K"}},{"senderKeyId":1968204345,"senderChainKey":{"iteration":20,"seed":"mAuKLAFK30CWo6c3sdxB33Elt4rvs3gmFzg1ZqCpV2I="},"senderSigningKey":{"public":"Bc8mgcGS/lh3eBn3vlz75neTCz2PbDhjl7eG8WUMrN5K"}},{"senderKeyId":1968204345,"senderChainKey":{"iteration":20,"seed":"mAuKLAFK30CWo6c3sdxB33Elt4rvs3gmFzg1ZqCpV2I="},"senderSigningKey":{"public":"Bc8mgcGS/lh3eBn3vlz75neTCz2PbDhjl7eG8WUMrN5K"}}]