{"_sessions":{"BUV3uMNa4OpZmE76wzToOyA21Pf2h2/1VVA22b2c3aJF":{"registrationId":2098346763,"currentRatchet":{"ephemeralKeyPair":{"pubKey":"Bc/VdSZWJMmHog0mWY3hQ1HuB7h8MjXYP3xjXKtKZa9Y","privKey":"eBdvaVxwcE8UH2StnjDhs+Fa2MozMwLhv0LWO9SqLXk="},"lastRemoteEphemeralKey":"BbmJ7fWWQNNl66pHxhoCfblvYr2y7E1WZ+1pYhqcY0cK","previousCounter":0,"rootKey":"keXAXj82cdkmlIjMYLwpkq9kdRttHAPV72D7qK4lJo0="},"indexInfo":{"baseKey":"BUV3uMNa4OpZmE76wzToOyA21Pf2h2/1VVA22b2c3aJF","baseKeyType":1,"closed":-1,"used":1719339582554,"created":1719339582554,"remoteIdentityKey":"BeSdomJMUyA1mM5qfVNLPZutDRc2Iy0IMyN/sxrHrkRH"},"_chains":{"Bc/VdSZWJMmHog0mWY3hQ1HuB7h8MjXYP3xjXKtKZa9Y":{"chainKey":{"counter":46,"key":"hh8UBzHJWiziOwuHXbsjfOPCQr694mWLNhFkub34eF4="},"chainType":1,"messageKeys":{}}},"pendingPreKey":{"signedKeyId":1,"baseKey":"BUV3uMNa4OpZmE76wzToOyA21Pf2h2/1VVA22b2c3aJF","preKeyId":664}}},"version":"v1"}