{"_sessions":{"BYMzB5cRF4GZV86e/aMqfE75hZ+T+7rq6dG6ZhAGQ+Q2":{"registrationId":937777545,"currentRatchet":{"ephemeralKeyPair":{"pubKey":"BZet2+KtLP0doQXylac3ghLErPC6diyHouqMYDdJSV8m","privKey":"aIUZCYWeDahPylWUvdkhYOg1KsakWqq3zEk9BH+FRmY="},"lastRemoteEphemeralKey":"BRcQvesOTVqeOlDQA+8OCNoR4FoiHok4xz6Klu6apu4/","previousCounter":0,"rootKey":"XdQUDf6E8ldKqtg+E6JtC229BWMn1D8vN82Kzj3EXUo="},"indexInfo":{"baseKey":"BYMzB5cRF4GZV86e/aMqfE75hZ+T+7rq6dG6ZhAGQ+Q2","baseKeyType":2,"closed":-1,"used":1719340981054,"created":1719340981054,"remoteIdentityKey":"BSaZ+7oeKXU6bK7QQcPtwPJc9eYJuKUqz+/dsyo8nl1S"},"_chains":{"BRcQvesOTVqeOlDQA+8OCNoR4FoiHok4xz6Klu6apu4/":{"chainKey":{"counter":14,"key":"TF6H1M2cVOVTlCs+ZqjRMCiOAKn/d1ri3AFWuuAGXg0="},"chainType":2,"messageKeys":{"0":"2w2QEv28pyNf1dGp25DGN1xaR0XuBhEsd8gwFETx5sk="}},"BZet2+KtLP0doQXylac3ghLErPC6diyHouqMYDdJSV8m":{"chainKey":{"counter":-1,"key":"1YZBT3CVt85K79ieWlccKDQn+hPsDD6W6OmKfNwMuys="},"chainType":1,"messageKeys":{}}}}},"version":"v1"}