{"_sessions":{"Bdw2XtCu4jWxF8o4YJ/KrXMXO2yYY0hRL87tALoJMVNX":{"registrationId":1920674775,"currentRatchet":{"ephemeralKeyPair":{"pubKey":"BUud/dBqj4CPwyEUuZSOSPQIoCG0A4LeSEceitb3vZA6","privKey":"AD3MOWYEAvbOuFrTZk6JXo8eMkBqixX3ttw7p9rt5VQ="},"lastRemoteEphemeralKey":"Bfjxt+qZudPik+5cCO5paiGGfn66PM9QI5zASYjmfRYL","previousCounter":0,"rootKey":"oYLleokspsIjd1vJ5f0sutDKVyJtv7S1Zbuxx170YlU="},"indexInfo":{"baseKey":"Bdw2XtCu4jWxF8o4YJ/KrXMXO2yYY0hRL87tALoJMVNX","baseKeyType":2,"closed":-1,"used":1719341903724,"created":1719341903724,"remoteIdentityKey":"Bfwl3ce9kHTNNBiWPWjs7mDZdryc9P9PLgnF0bxZnMZ3"},"_chains":{"Bfjxt+qZudPik+5cCO5paiGGfn66PM9QI5zASYjmfRYL":{"chainKey":{"counter":0,"key":"Nb+QVIvHWiBsC2A2bM/YHht40kJVKBnYASe8aGQZXo0="},"chainType":2,"messageKeys":{}},"BUud/dBqj4CPwyEUuZSOSPQIoCG0A4LeSEceitb3vZA6":{"chainKey":{"counter":-1,"key":"i+tsSxCYGRIYFJJ3vMRi/cKWPvQdHEXugz96Gi0Kq+I="},"chainType":1,"messageKeys":{}}}}},"version":"v1"}