{"_sessions":{"BdR+XVDvIt98grH0/Z/+FDVfNuHeODB/Zfupxl32JWUm":{"registrationId":1462895600,"currentRatchet":{"ephemeralKeyPair":{"pubKey":"BXYWw7H/OF0RtjFFiGKaYqU72cciXL/6S6G3rdTJNFc0","privKey":"ILtHWg9Syaqb7m2lvZ9pQUaVOmkXEQWQVhxO+hT4Qlc="},"lastRemoteEphemeralKey":"BQN/AhEzx9klxOirAu4nBkP7MWMLcSNi2L046EI3nBMZ","previousCounter":5,"rootKey":"pj34vwjJvGLRzGobmf3oScQ4PcH9ea5VKpUSUA8KlGM="},"indexInfo":{"baseKey":"BdR+XVDvIt98grH0/Z/+FDVfNuHeODB/Zfupxl32JWUm","baseKeyType":1,"closed":-1,"used":1719339835034,"created":1719339582545,"remoteIdentityKey":"BQrkOmEZwxornVuDdUhPUIUA7DBQayQN894WCcFg+Exz"},"_chains":{"BQN/AhEzx9klxOirAu4nBkP7MWMLcSNi2L046EI3nBMZ":{"chainKey":{"counter":0,"key":"jGQsBCPxuWuh82CwLRibjsKDRbAeAzpl2kWY6QijRcI="},"chainType":2,"messageKeys":{}},"BXYWw7H/OF0RtjFFiGKaYqU72cciXL/6S6G3rdTJNFc0":{"chainKey":{"counter":40,"key":"ufdT2il4Z4GKp3hZnLa+6KK5aYryzhN39V3qEZ1lXIQ="},"chainType":1,"messageKeys":{}}}}},"version":"v1"}