{"_sessions":{"BQl6kHs4k3Rdpp/c2zqXAOUuVQ6gJhCPsaxmdbYEUdN2":{"registrationId":11607,"currentRatchet":{"ephemeralKeyPair":{"pubKey":"Baa8ypRvZfjwjiqimW1uablZTybbii/pVF0cxcBY/E11","privKey":"ODJ7DfqdYkFlOMbB5YB/pgzdbNcig1vTs6hZLVZsVXw="},"lastRemoteEphemeralKey":"BSt7qoVOEODWDyk+vhVAaLuooI8OhcbuK5tRNA+ZuWob","previousCounter":0,"rootKey":"DQFG+x0AzZTYiF9PEYLNAghFrB0kaQr66kOIR4fC74s="},"indexInfo":{"baseKey":"BQl6kHs4k3Rdpp/c2zqXAOUuVQ6gJhCPsaxmdbYEUdN2","baseKeyType":1,"closed":-1,"used":1719341074050,"created":1719341074050,"remoteIdentityKey":"Bc4US8tYnjwobcwEFp+g49XJy6kSynNx1Tg60ozq7N0v"},"_chains":{"Baa8ypRvZfjwjiqimW1uablZTybbii/pVF0cxcBY/E11":{"chainKey":{"counter":0,"key":"EVl8VFRxB1fvggEESadDEhY7xmLyIJp5+upjFnVzVwE="},"chainType":1,"messageKeys":{}}},"pendingPreKey":{"signedKeyId":3,"baseKey":"BQl6kHs4k3Rdpp/c2zqXAOUuVQ6gJhCPsaxmdbYEUdN2","preKeyId":2784}}},"version":"v1"}