{"_sessions":{"BQQS923t3PQuwZ3QkijVsvrH6D82AiTxQph3mGlmyVYm":{"registrationId":247966807,"currentRatchet":{"ephemeralKeyPair":{"pubKey":"BbXDzVUKEPb9WNU1TC3Snf/EYQ6N1ULV1IOD7UGZnWwn","privKey":"MLgWzej11AizsUA2C1q2DBlQBGyhMi2cfxSQr0gSN1A="},"lastRemoteEphemeralKey":"BdB2lwqD1wc1/WFSHFZzvs5WhZRpdt9Bpl2xD6Em4NYp","previousCounter":1,"rootKey":"EQfhPLPKjsStI78bjbaMyobEV8VPljecgQVkDgcdHdg="},"indexInfo":{"baseKey":"BQQS923t3PQuwZ3QkijVsvrH6D82AiTxQph3mGlmyVYm","baseKeyType":2,"closed":-1,"used":1719339946113,"created":1719339527740,"remoteIdentityKey":"BePvSaf/h0pKjwiP6b7RhHwfeNgmbUUlrLnz9wB3NGsd"},"_chains":{"BT1I5TEhcwEW/8meMr4+cSeBgq1zNP2I3uxvlZj5vp1A":{"chainKey":{"counter":7},"chainType":2,"messageKeys":{}},"BXPGMXO4Yama6qOHVUE3xIzdB+KGSOtPvgsrL2x6byAW":{"chainKey":{"counter":10},"chainType":2,"messageKeys":{"1":"Z3zoM+ltg8ETeiOxDTG38UaL1fZOArBCayusZQBFptg=","2":"Wi3WEY9XU/sSpf3vfIuEa5W2n0dLOHwz4lVUpC10rIM=","3":"sNiPpom6iE//M/dfoEtolDoZ00d4Q6NnCE8uwwfl1l4=","4":"T9XvIEv211dj9OEPbli4gU7tsKVElRKhTa0TesA62PY=","5":"J/Vkmw0s6aqKMMn/75Y1f0yIvLi0j7g4hSKPJ/rNNQ8=","6":"3GEan/q8H+icqYQJd22Vbsp7S5si3ZFSY7IolX+W8qo=","7":"OOM8HRUvs8hCBTcahzuHwKe3iJ9NwVVNMUyhnaw8gng=","8":"gA9zRBg9sjsT4v72JNkELcsHsZ7+HorWe4PvwChsZVE=","9":"A3+vGN3kYtd82yjbu/4T9upWwvySOw3eJqZwSFpP18c="}},"BdB2lwqD1wc1/WFSHFZzvs5WhZRpdt9Bpl2xD6Em4NYp":{"chainKey":{"counter":1,"key":"qaphgLgx9bD1VecskZtxTCz8T1AXnt/bPAsxDjby5nw="},"chainType":2,"messageKeys":{}},"BbXDzVUKEPb9WNU1TC3Snf/EYQ6N1ULV1IOD7UGZnWwn":{"chainKey":{"counter":38,"key":"IbM39MVNzJ/f0er6b0C3jascaS2sjEA1DhkcN0Uszeg="},"chainType":1,"messageKeys":{}}}}},"version":"v1"}