{"_sessions":{"BcfMq2N87Vs4F5RL2knnLFZ7SYc+pNwpH9gVjhJ1+6k8":{"registrationId":14528,"currentRatchet":{"ephemeralKeyPair":{"pubKey":"BY+kDSeeZTFVYwYdh6725s+eMFVfokphtQ2KlVnlVRII","privKey":"cEcpjzck0amxNLErDODzqoQx++3dkBekeCm4ppXgjUs="},"lastRemoteEphemeralKey":"BaxPMDex0D2cBEZO99WzaFhRGPjY6MWkDnIWz+/V+y4i","previousCounter":0,"rootKey":"QYrRihwRIK5hy4tVOcT1ym7eS9W8QXiffnArErQi7OU="},"indexInfo":{"baseKey":"BcfMq2N87Vs4F5RL2knnLFZ7SYc+pNwpH9gVjhJ1+6k8","baseKeyType":1,"closed":-1,"used":1719339582550,"created":1719339582550,"remoteIdentityKey":"BcroMFAEIDdbJ46iYJ7+OLRSTMjBPWgJM2cTIvzLBdhv"},"_chains":{"BY+kDSeeZTFVYwYdh6725s+eMFVfokphtQ2KlVnlVRII":{"chainKey":{"counter":46,"key":"oQ3Py8D7YlOBaLVgGvW8FLjhvYD123e6L/PNfw8IXiE="},"chainType":1,"messageKeys":{}}},"pendingPreKey":{"signedKeyId":2,"baseKey":"BcfMq2N87Vs4F5RL2knnLFZ7SYc+pNwpH9gVjhJ1+6k8","preKeyId":578}}},"version":"v1"}