{"_sessions":{"BaxTbzHGmPuCttN25nLlvrTv7KoCEy/rnvnn9ICBBlcl":{"registrationId":635347965,"currentRatchet":{"ephemeralKeyPair":{"pubKey":"BV2i9W1aHskbhzS8/pd1q+PXEAxXEfJs6sM7+9K5+UIh","privKey":"EO6grVwJ3s17LPiHCjEwKruROdCADWrCtmRoW5QRTFg="},"lastRemoteEphemeralKey":"BUW+oqOON8eAeu4sFpz+m+/fHp7EygKHis2N4WQiS/ND","previousCounter":0,"rootKey":"3dd3ZbgLBbqjNC/teA6LzhPKfOYX4a86GSD+wgoKl5k="},"indexInfo":{"baseKey":"BaxTbzHGmPuCttN25nLlvrTv7KoCEy/rnvnn9ICBBlcl","baseKeyType":2,"closed":-1,"used":1719340980578,"created":1719340980578,"remoteIdentityKey":"BWv+o+iU0QzvoeQ12af4OfpcZYpwkZaQ4b6TF5iI5rAR"},"_chains":{"BUW+oqOON8eAeu4sFpz+m+/fHp7EygKHis2N4WQiS/ND":{"chainKey":{"counter":0,"key":"/PAAc7AUaGSji4RcPdaVQQpj1p1K2/GR9/S4l436cWg="},"chainType":2,"messageKeys":{}},"BV2i9W1aHskbhzS8/pd1q+PXEAxXEfJs6sM7+9K5+UIh":{"chainKey":{"counter":-1,"key":"fgqEL076BCfR06l3Vb2h0OZymManFFPDq1/OC36IW78="},"chainType":1,"messageKeys":{}}}}},"version":"v1"}