{"_sessions":{"BSNsXyAWFyJBWsGaNp3K84F0DWg92phR8+PiqVij7Sgm":{"registrationId":771443009,"currentRatchet":{"ephemeralKeyPair":{"pubKey":"BRdhUZHM1HcBhWk9oaRinvxl9YBF5UjylVkpok2uoGwk","privKey":"oLko/OZgKBFNVRuY76pKKtHClI0doFUYyyITDHanwXM="},"lastRemoteEphemeralKey":"BVWwB2+pHet9Mu3Y1pr/cSySDlwBUlqe8fJ4GxSHwgMl","previousCounter":0,"rootKey":"b0WzVVnthmhBzJy5xwZ6jtBVjcpP5IX50DDTlkFAl6g="},"indexInfo":{"baseKey":"BSNsXyAWFyJBWsGaNp3K84F0DWg92phR8+PiqVij7Sgm","baseKeyType":2,"closed":-1,"used":1719341303177,"created":1719341303177,"remoteIdentityKey":"BSQuLqeCpSb18Cxikuvfs87Kc4p91gGLoBD+bOC7k5FT"},"_chains":{"BVWwB2+pHet9Mu3Y1pr/cSySDlwBUlqe8fJ4GxSHwgMl":{"chainKey":{"counter":0,"key":"pL80FWsR+1ICDQ0ewYMXsdAFsq1Of/quGdNjeJ8nMpQ="},"chainType":2,"messageKeys":{}},"BRdhUZHM1HcBhWk9oaRinvxl9YBF5UjylVkpok2uoGwk":{"chainKey":{"counter":-1,"key":"6EjdiSqreWrFLb/S9jLWQ0lD0S67ib8r5YcX5/ESc/c="},"chainType":1,"messageKeys":{}}}}},"version":"v1"}