{"_sessions":{"BTXfPxmcqocx6eaX/DD8yNaJ8dqQPhFLyhKN1WdOiFBG":{"registrationId":1710695924,"currentRatchet":{"ephemeralKeyPair":{"pubKey":"BS5IL4h0yTdmqjULVuihADXAuRWzdjA4lrtmri9n7F4F","privKey":"+MkTqYrfdSfe9K1EMNFbcAxZnaqLxmBwX9CxvDXhd3s="},"lastRemoteEphemeralKey":"BWRez1S4Dnddwc/r+MI4k2Uu8Ul1JsqdLUXggMzbe8sL","previousCounter":4,"rootKey":"FSBluFAiJnG52sJ7h4qY0fHuo8coZ2XG06bToFJhdQg="},"indexInfo":{"baseKey":"BTXfPxmcqocx6eaX/DD8yNaJ8dqQPhFLyhKN1WdOiFBG","baseKeyType":1,"closed":-1,"used":1719341421676,"created":1719339582559,"remoteIdentityKey":"BTRBTpt7P7Rtb9fKOCJ6oCLNQPfWzKml+YmGK/a1kdEP"},"_chains":{"Bb3ahupCBc1B814SbpFcPOs0yFZg+k7phPTBTkxTDJwa":{"chainKey":{"counter":0},"chainType":2,"messageKeys":{}},"Bf7s73EY9oADPcZIEuEG1+xmS63SlsXgTIQW72B4aKFr":{"chainKey":{"counter":0},"chainType":2,"messageKeys":{}},"BWRez1S4Dnddwc/r+MI4k2Uu8Ul1JsqdLUXggMzbe8sL":{"chainKey":{"counter":0,"key":"le1jHJOtu5H1HRuQXxkWuYuJRyWlWLWawGCqb5Xhqnc="},"chainType":2,"messageKeys":{}},"BS5IL4h0yTdmqjULVuihADXAuRWzdjA4lrtmri9n7F4F":{"chainKey":{"counter":24,"key":"ogfg/Y4x9VDVqEMi9I13c1fpMIwOKW6ACw9e6c/tH3Y="},"chainType":1,"messageKeys":{}}}}},"version":"v1"}