{"_sessions":{"BUBaeqljqzJmnIU+0RzZpxsCmCjHopysYpyRrWTwW1QZ":{"registrationId":1364921020,"currentRatchet":{"ephemeralKeyPair":{"pubKey":"BVJfBZYPmy4WXiGTCvepkeo2dYubesMhQy1msgFXu4Rf","privKey":"YGOE3ukEVAH51RSn8AaL+vRPuZMboJiPFaPcTMQ6MVA="},"lastRemoteEphemeralKey":"BS6xyzQQIeLafrkZVnEcjicLvluhNZ8Cr9VXHIYeyT8O","previousCounter":0,"rootKey":"v3xOqhGyDS58UGlTFl5WAcIVuX2lpptmzhWIhBevSnQ="},"indexInfo":{"baseKey":"BUBaeqljqzJmnIU+0RzZpxsCmCjHopysYpyRrWTwW1QZ","baseKeyType":2,"closed":-1,"used":1719341097270,"created":1719341073177,"remoteIdentityKey":"BZ0tc04aAGRYrlU2zb8xREFRo2i+CRqq0xRM+VDuQuUk"},"_chains":{"BQA+gh8otJUqFLnchLsQmW2vR3aibnz8rMwHNDfI3/gv":{"chainKey":{"counter":0},"chainType":2,"messageKeys":{}},"BS6xyzQQIeLafrkZVnEcjicLvluhNZ8Cr9VXHIYeyT8O":{"chainKey":{"counter":0,"key":"g5X0gKGNybdESpMJnX/H92NSAklCLynowxII67WNvIY="},"chainType":2,"messageKeys":{}},"BVJfBZYPmy4WXiGTCvepkeo2dYubesMhQy1msgFXu4Rf":{"chainKey":{"counter":-1,"key":"Syt3//VEGl50gJYPVb+PIEaxS+dHJevwvnAnNm3f7n8="},"chainType":1,"messageKeys":{}}}}},"version":"v1"}