{"_sessions":{"Ba12t4uLos/zIb2W7MczjBaunsZEPfotEMxPilDhzy5/":{"registrationId":6594,"currentRatchet":{"ephemeralKeyPair":{"pubKey":"BRCM39dUdM70VonJQj8VPzpGZCpG5h8YXVnLvPTblJA/","privKey":"sOcKcLyRqsrCjqh7WT0tJaZ8khFM6eYfaeocqO5ReHs="},"lastRemoteEphemeralKey":"BTvXgbZrCN5Nz0PlHZcwX7IMeKg8JCB5dqOiql+kPH97","previousCounter":0,"rootKey":"FJy3rkrQnQjh1UbUtMFmnoR0IoQNL0HXwTUzILev32s="},"indexInfo":{"baseKey":"Ba12t4uLos/zIb2W7MczjBaunsZEPfotEMxPilDhzy5/","baseKeyType":1,"closed":-1,"used":1719341074070,"created":1719341074070,"remoteIdentityKey":"BaUg1VJG6NYefTjooeI9aMCSuUqJKzk8XHLcqDZHJFxF"},"_chains":{"BRCM39dUdM70VonJQj8VPzpGZCpG5h8YXVnLvPTblJA/":{"chainKey":{"counter":0,"key":"ENA0isTw0b3X6hjcGPpnbjiqoBIh8tUC1lB8uWohf8k="},"chainType":1,"messageKeys":{}}},"pendingPreKey":{"signedKeyId":1,"baseKey":"Ba12t4uLos/zIb2W7MczjBaunsZEPfotEMxPilDhzy5/"}}},"version":"v1"}