{"_sessions":{"BS4fHcYF/hUsBP9MEYzenWVBTC+mvEKiZOXXBpfLJCMk":{"registrationId":147820827,"currentRatchet":{"ephemeralKeyPair":{"pubKey":"BV6tQFLusNYBihStF6Pj2hBHO0zvqggrfRccjQBehW0g","privKey":"KC9QDd0c0XuYIGYMwEmItn5lC+FHCcUuRZkz4yNjdUs="},"lastRemoteEphemeralKey":"BQzi8yh9unaQDydE60wtur/qwq/VbuVm2bJ3ApE5XsUR","previousCounter":0,"rootKey":"nP+XzFdtdyZw6EYw2s6qfRvbnSUS1tjomlonYfdFrqA="},"indexInfo":{"baseKey":"BS4fHcYF/hUsBP9MEYzenWVBTC+mvEKiZOXXBpfLJCMk","baseKeyType":2,"closed":-1,"used":1719339929432,"created":1719339929432,"remoteIdentityKey":"BX8a59BxYmbeP4ZF65Eq9BWLLayxU5YWvpuPRwxamUYp"},"_chains":{"BQzi8yh9unaQDydE60wtur/qwq/VbuVm2bJ3ApE5XsUR":{"chainKey":{"counter":1,"key":"0RQb5C5BEfw0nV3nnZugsC45H086hzJyBvocTH3ApUY="},"chainType":2,"messageKeys":{}},"BV6tQFLusNYBihStF6Pj2hBHO0zvqggrfRccjQBehW0g":{"chainKey":{"counter":-1,"key":"fvZ6zvB+MDAdI/vanqRHHsJpu0t/Tg27/xwRgh0CMPw="},"chainType":1,"messageKeys":{}}}}},"version":"v1"}