{"_sessions":{"BcX30mxi6Eggw80/Br6MOZ9Gh3DiXQUy5wPQibrPJpUB":{"registrationId":354327076,"currentRatchet":{"ephemeralKeyPair":{"pubKey":"BYlxzdLP42ETVFm3BPegTtqbcaTN+VXfzNZL/nyVkQpY","privKey":"UJ9hMgNk+WDLUNIiml6H4cJEyhOvL8E14Z4leTm6mkI="},"lastRemoteEphemeralKey":"BQ+cQtdMSU/9bgK7kLrdTPVeHsezPV/LMzJDJUrFjHEK","previousCounter":0,"rootKey":"XNil7zDhwTWwpmhNxW8RgjYxpBIzNcmocsMgZwMIWUg="},"indexInfo":{"baseKey":"BcX30mxi6Eggw80/Br6MOZ9Gh3DiXQUy5wPQibrPJpUB","baseKeyType":2,"closed":-1,"used":1719340980409,"created":1719340980409,"remoteIdentityKey":"BYu+a4Jy7eXZjiy+EmHTIifbstwIVUhX1IUxU9SL/uU3"},"_chains":{"BQ+cQtdMSU/9bgK7kLrdTPVeHsezPV/LMzJDJUrFjHEK":{"chainKey":{"counter":0,"key":"zr5ruiUs/2WXfNBHeWhmXx0wwwohq/F1reZZfWCLdmo="},"chainType":2,"messageKeys":{}},"BYlxzdLP42ETVFm3BPegTtqbcaTN+VXfzNZL/nyVkQpY":{"chainKey":{"counter":-1,"key":"9NX+23/+Abn6CAhR+lhi+luTN+iX1YPk3PVFhklpF4U="},"chainType":1,"messageKeys":{}}}}},"version":"v1"}