{"_sessions":{"BWb5UqQa6M6c4Ox+cwZX9uTetqTRl3Pe/ooKbRE47U8k":{"registrationId":175867799,"currentRatchet":{"ephemeralKeyPair":{"pubKey":"BZlXtCh2lQ6tQxEZJ/rGyXuthkp1t7HFk05DChMF6v4G","privKey":"iBZzhmA6zIwWFZ3aDQoArRrRpYdq+vUDocudGZT0EGc="},"lastRemoteEphemeralKey":"BU5Ht/vD9PKBTHIJv4K6J01U/v11o7D0sRfyC0e1MBxm","previousCounter":0,"rootKey":"ZhKQ4KIAPgATyV4TZ3x3nLedYDC/dNdnyPKAKKyjQjA="},"indexInfo":{"baseKey":"BWb5UqQa6M6c4Ox+cwZX9uTetqTRl3Pe/ooKbRE47U8k","baseKeyType":2,"closed":-1,"used":1719340980451,"created":1719340980451,"remoteIdentityKey":"BdoSdGii9KLwCqax/rHkaqRM6a7XzRaY0ZUCC0Sgvusx"},"_chains":{"BU5Ht/vD9PKBTHIJv4K6J01U/v11o7D0sRfyC0e1MBxm":{"chainKey":{"counter":0,"key":"7+Bcf9BBbr0AQblfHXyb8p0C7Hbh1DlsnNePfsSO/Y8="},"chainType":2,"messageKeys":{}},"BZlXtCh2lQ6tQxEZJ/rGyXuthkp1t7HFk05DChMF6v4G":{"chainKey":{"counter":-1,"key":"OUXzPSQKxEAjbyxNMGUgD1TFIVR91UL6g4nXXaoW6Os="},"chainType":1,"messageKeys":{}}}}},"version":"v1"}