{"_sessions":{"BSmfHXzeVOYs+Y8GoKM3Hnqw4U5wVv2HcjUrsFu0dmQB":{"registrationId":1032638863,"currentRatchet":{"ephemeralKeyPair":{"pubKey":"BSJqgoQZOtfjRwbiCDjJgyZ9PRyjZjSLwT/MDKsp/2Ya","privKey":"mFiyOSbq8+NVI1kJOePWzSNjMWPRj7ReCGBLTQ3I0VA="},"lastRemoteEphemeralKey":"BRO1Mht1nKVYslmxDSPceNrZvanP/xKIgrkzXZ/WWFYY","previousCounter":0,"rootKey":"1Y/pPcyUZa1CvPPOdKxwGmuRUSpcXUWyt0fDDrukUx8="},"indexInfo":{"baseKey":"BSmfHXzeVOYs+Y8GoKM3Hnqw4U5wVv2HcjUrsFu0dmQB","baseKeyType":2,"closed":-1,"used":1719343202794,"created":1719339581888,"remoteIdentityKey":"BYM1ISDwWQyHc4iLKwbBRSDG5dsrzWYQfz0BV8/D6exM"},"_chains":{"BUPyFjri/dSVJ4QBUIRRNsjtC5S4XOPmPFv21/zJ4j49":{"chainKey":{"counter":0},"chainType":2,"messageKeys":{}},"BT2FTfD/Y/FrPjnzS1NCfb9XYTNK3iktbSQI2Mvv09xr":{"chainKey":{"counter":1},"chainType":2,"messageKeys":{}},"Bf5KLhRy8cQnX47KMFrgVYk6JY1uFdve0gLcNkk+VYcb":{"chainKey":{"counter":1},"chainType":2,"messageKeys":{}},"BVuLuAF04pESQ+NV3Sebt8JYmyoXz/U68Gn5QIendUkc":{"chainKey":{"counter":1},"chainType":2,"messageKeys":{}},"BasYGkLko375/wGUOgwKX2fILNMQTQeNHhUHgxBr1a4S":{"chainKey":{"counter":1},"chainType":2,"messageKeys":{}},"BfcBsg4Jr+1YnxYYbEpQPTrXJ6Droj93NyW7MRa8bM4x":{"chainKey":{"counter":3},"chainType":2,"messageKeys":{}},"BUGkOgAfeS/prDjlO+9P4yRUJ7n/oczQsppGjwEoOSQN":{"chainKey":{"counter":1},"chainType":2,"messageKeys":{}},"BQbc9+iE46xrvmm+CmRquWSpZhbEE+0QIGeHlhB2Dys4":{"chainKey":{"counter":1},"chainType":2,"messageKeys":{}},"BR6kICs0XqB1vUAMFoLocq+CnGwbTPpMzZEqbj/bQ7kJ":{"chainKey":{"counter":1},"chainType":2,"messageKeys":{}},"BdVZlkEjGRoJMXy/TMEFR2C2Da2P/MmroKmHGJz7QnoQ":{"chainKey":{"counter":1},"chainType":2,"messageKeys":{}},"BbyCn8O89eLXPZU67L/JF8NPXibCbRqGSdQeF+uGZJ9C":{"chainKey":{"counter":1},"chainType":2,"messageKeys":{}},"BRIQcVtxzMsduc0SaKHvXzZt/GHzUR9aCazxaUlHgYpm":{"chainKey":{"counter":1},"chainType":2,"messageKeys":{}},"BacA0AJLzncKybSIql3kcse313ROOaP1TUaItKBiCG1g":{"chainKey":{"counter":1},"chainType":2,"messageKeys":{}},"Bdp+PT7UA+QKF7bizPbcptlmPIfMkJ8SbaXyi+U8/HV8":{"chainKey":{"counter":3},"chainType":2,"messageKeys":{}},"BffROU9kCiBhwVNm//6omS7REznvS8LV5FudG++mr9hB":{"chainKey":{"counter":1},"chainType":2,"messageKeys":{}},"BX6CQCtVbrsttpnntCZw6hPIE631k/SyuB/a676R1Cl/":{"chainKey":{"counter":1},"chainType":2,"messageKeys":{}},"Bd2SQxcDLC+8W7CS0D0xwsdRt0+5azsiXAJEsA66Z4R/":{"chainKey":{"counter":1},"chainType":2,"messageKeys":{}},"BaS6uS8g+nEr3vT0V0T4pSvHPKx4CTjsqQ0YJndro4MO":{"chainKey":{"counter":1},"chainType":2,"messageKeys":{}},"BdXc7OYuYbZbrhenB/kvNr4jQDJVEh4HTVgd1gBsNlwC":{"chainKey":{"counter":1},"chainType":2,"messageKeys":{}},"BYZ26gtccE0eLchAOkuh+owoP6HGKd4ud/MHSv8cK1NE":{"chainKey":{"counter":1},"chainType":2,"messageKeys":{}},"BVqRXjQwhF4RMIbta6DnzVQXVrv/JgTwbJm34c7kqmhh":{"chainKey":{"counter":1},"chainType":2,"messageKeys":{}},"BbYki+KClOSkd1ZJnG7vCIqKkRd5g5V4CISg0TvSpIFH":{"chainKey":{"counter":2},"chainType":2,"messageKeys":{}},"BcE052BDO2rp5TIdMONgOOlbRyvO9L22O5yZQ1XT7dI1":{"chainKey":{"counter":1},"chainType":2,"messageKeys":{}},"BQr2FFblwYAoLkQ789nIja+WxmatEUfJzEH8ylsEMJMo":{"chainKey":{"counter":1},"chainType":2,"messageKeys":{}},"BTXGJgMIBS950xXpr6nqC0ZqIZVbL2nnR6vSJMCthTdZ":{"chainKey":{"counter":1},"chainType":2,"messageKeys":{}},"BUR7Fj3sPHeISZzr6uw6t+diL63Wj1s3wPoSNVbVV+5x":{"chainKey":{"counter":2},"chainType":2,"messageKeys":{}},"BWw5SncE8odIN7yYvk/pEsNhg/2Qu6pIYmcxZOYR939K":{"chainKey":{"counter":1},"chainType":2,"messageKeys":{}},"BXCD7Jtnj4New47aQ9OsuKY6UPlOzAcfdiFrIrV8Pxl0":{"chainKey":{"counter":1},"chainType":2,"messageKeys":{}},"BSkap3kjUIPjP3fNgBBRkPpbfC+m3UCSCH63O1qn2pF2":{"chainKey":{"counter":1},"chainType":2,"messageKeys":{}},"BbJOhB8W93PZOcEMfQqsBP9Mgf7pCW9zbG20ikBBx6VY":{"chainKey":{"counter":1},"chainType":2,"messageKeys":{}},"BSmRmqTesx9y9xQqxvwSpcbYwnxn8ie8Xywd7hg302Ux":{"chainKey":{"counter":1},"chainType":2,"messageKeys":{}},"BYx3BnQICFA4oT00hE8oSDv0L9ukmLrJ870eUh9mqaAP":{"chainKey":{"counter":1},"chainType":2,"messageKeys":{}},"BQZAxylafbPgaPL2xgntSKTR9RiBZ/pW8NL+6xk8fhFk":{"chainKey":{"counter":1},"chainType":2,"messageKeys":{}},"Beo52097W/mNy9NDDAiWqOuCeHjG/DKKWK2pj7gfimwa":{"chainKey":{"counter":2},"chainType":2,"messageKeys":{}},"BSUFxrWun/GF+ljO9nmAU4gbV0axYVlIVI8uqRq/9Hot":{"chainKey":{"counter":1},"chainType":2,"messageKeys":{}},"BdlfzPvhv4ReDzUn3efI1CTT28FpncxULMU0dDnKjL9C":{"chainKey":{"counter":1},"chainType":2,"messageKeys":{}},"BRO1Mht1nKVYslmxDSPceNrZvanP/xKIgrkzXZ/WWFYY":{"chainKey":{"counter":1,"key":"1ydnXqaUI4dy89LhAeo7lfQCUK0UpEYYp/ye2TShZ60="},"chainType":2,"messageKeys":{}},"BSJqgoQZOtfjRwbiCDjJgyZ9PRyjZjSLwT/MDKsp/2Ya":{"chainKey":{"counter":0,"key":"mZbG7SKkEhGV32ecvsi2j5xgT+8QycjnHsWunJDnYEc="},"chainType":1,"messageKeys":{}}}}},"version":"v1"}